"DATA","Portata fiume (mÂ³/s)"
"2010-01-01","1.67"
"2010-01-02","1.63"
"2010-01-03","1.65"
"2010-01-04","1.62"
"2010-01-05","1.62"
"2010-01-06","1.63"
"2010-01-07","1.61"
"2010-01-08","1.64"
"2010-01-09","1.68"
"2010-01-10","1.64"
"2010-01-11","1.60"
"2010-01-12","1.60"
"2010-01-13","1.60"
"2010-01-14","1.61"
"2010-01-15","1.57"
"2010-01-16","1.59"
"2010-01-17","1.58"
"2010-01-18","1.58"
"2010-01-19","1.56"
"2010-01-20","1.58"
"2010-01-21","1.51"
"2010-01-22","1.53"
"2010-01-23","1.54"
"2010-01-24","1.55"
"2010-01-25","1.54"
"2010-01-26","1.54"
"2010-01-27","1.52"
"2010-01-28","1.52"
"2010-01-29","1.51"
"2010-01-30","1.53"
"2010-01-31","1.47"
"2010-02-01","1.68"
"2010-02-02","1.54"
"2010-02-03","1.45"
"2010-02-04","1.47"
"2010-02-05","1.46"
"2010-02-06","1.45"
"2010-02-07","1.43"
"2010-02-08","1.48"
"2010-02-09","1.49"
"2010-02-10","1.42"
"2010-02-11","1.49"
"2010-02-12","1.47"
"2010-02-13","1.43"
"2010-02-14","1.46"
"2010-02-15","1.44"
"2010-02-16","1.44"
"2010-02-17","1.45"
"2010-02-18","1.44"
"2010-02-19","1.56"
"2010-02-20","1.47"
"2010-02-21","1.47"
"2010-02-22","1.46"
"2010-02-23","1.49"
"2010-02-24","1.49"
"2010-02-25","1.54"
"2010-02-26","1.63"
"2010-02-27","1.67"
"2010-02-28","1.68"
"2010-03-01","1.65"
"2010-03-02","1.55"
"2010-03-03","1.73"
"2010-03-04","1.74"
"2010-03-05","1.82"
"2010-03-06","1.78"
"2010-03-07","1.76"
"2010-03-08","2.06"
"2010-03-09","3.26"
"2010-03-10","3.79"
"2010-03-11","2.42"
"2010-03-12","1.75"
"2010-03-13","1.76"
"2010-03-14","1.77"
"2010-03-15","1.82"
"2010-03-16","1.81"
"2010-03-17","1.86"
"2010-03-18","1.88"
"2010-03-19","1.99"
"2010-03-20","2.07"
"2010-03-21","2.15"
"2010-03-22","2.27"
"2010-03-23","2.40"
"2010-03-24","2.42"
"2010-03-25","2.38"
"2010-03-26","2.44"
"2010-03-27","2.37"
"2010-03-28","2.19"
"2010-03-29","2.28"
"2010-03-30","2.37"
"2010-03-31","2.27"
"2010-04-01","2.17"
"2010-04-02","2.13"
"2010-04-03","2.08"
"2010-04-04","2.18"
"2010-04-05","2.01"
"2010-04-06","2.00"
"2010-04-07","2.02"
"2010-04-08","2.27"
"2010-04-09","2.23"
"2010-04-10","2.18"
"2010-04-11","2.33"
"2010-04-12","2.31"
"2010-04-13","2.29"
"2010-04-14","2.19"
"2010-04-15","2.20"
"2010-04-16","2.29"
"2010-04-17","2.43"
"2010-04-18","2.51"
"2010-04-19","2.40"
"2010-04-20","2.38"
"2010-04-21","2.50"
"2010-04-22","3.45"
"2010-04-23","4.41"
"2010-04-24","4.94"
"2010-04-25","4.62"
"2010-04-26","5.63"
"2010-04-27","7.03"
"2010-04-28","6.27"
"2010-04-29","7.17"
"2010-04-30","8.37"
"2010-05-01","8.64"
"2010-05-02","8.07"
"2010-05-03","7.67"
"2010-05-04","10.70"
"2010-05-05","13.50"
"2010-05-06","11.90"
"2010-05-07","8.90"
"2010-05-08","6.84"
"2010-05-09","6.14"
"2010-05-10","5.87"
"2010-05-11","6.22"
"2010-05-12","6.30"
"2010-05-13","6.32"
"2010-05-14","6.03"
"2010-05-15","5.66"
"2010-05-16","5.04"
"2010-05-17","4.66"
"2010-05-18","4.61"
"2010-05-19","4.82"
"2010-05-20","4.16"
"2010-05-21","4.47"
"2010-05-22","4.72"
"2010-05-23","5.28"
"2010-05-24","6.33"
"2010-05-25","7.85"
"2010-05-26","8.89"
"2010-05-27","9.31"
"2010-05-28","9.13"
"2010-05-29","8.01"
"2010-05-30","7.83"
"2010-05-31","8.25"
"2010-06-01","7.85"
"2010-06-02","7.10"
"2010-06-03","6.54"
"2010-06-04","7.10"
"2010-06-05","6.34"
"2010-06-06","6.76"
"2010-06-07","6.84"
"2010-06-08","6.29"
"2010-06-09","6.61"
"2010-06-10","7.10"
"2010-06-11","6.34"
"2010-06-12","6.41"
"2010-06-13","6.08"
"2010-06-14","5.36"
"2010-06-15","5.95"
"2010-06-16","15.40"
"2010-06-17","10.40"
"2010-06-18","8.31"
"2010-06-19","7.46"
"2010-06-20","9.05"
"2010-06-21","7.49"
"2010-06-22","6.37"
"2010-06-23","5.62"
"2010-06-24","4.97"
"2010-06-25","4.70"
"2010-06-26","4.63"
"2010-06-27","4.46"
"2010-06-28","4.75"
"2010-06-29","5.18"
"2010-06-30","5.28"
"2010-07-01","4.66"
"2010-07-02","4.67"
"2010-07-03","4.61"
"2010-07-04","4.44"
"2010-07-05","4.40"
"2010-07-06","3.87"
"2010-07-07","3.34"
"2010-07-08","3.22"
"2010-07-09","3.04"
"2010-07-10","2.85"
"2010-07-11","2.54"
"2010-07-12","2.22"
"2010-07-13","2.08"
"2010-07-14","1.97"
"2010-07-15","1.95"
"2010-07-16","2.00"
"2010-07-17","1.89"
"2010-07-18","1.80"
"2010-07-19","1.80"
"2010-07-20","1.79"
"2010-07-21","1.97"
"2010-07-22","1.97"
"2010-07-23","1.85"
"2010-07-24","1.68"
"2010-07-25","1.75"
"2010-07-26","1.78"
"2010-07-27","1.72"
"2010-07-28","1.77"
"2010-07-29","1.75"
"2010-07-30","1.64"
"2010-07-31","1.65"
"2010-08-01","1.73"
"2010-08-02","1.78"
"2010-08-03","1.69"
"2010-08-04","1.69"
"2010-08-05","1.77"
"2010-08-06","1.62"
"2010-08-07","1.65"
"2010-08-08","1.70"
"2010-08-09","1.69"
"2010-08-10","1.71"
"2010-08-11","1.74"
"2010-08-12","1.89"
"2010-08-13","2.06"
"2010-08-14","2.08"
"2010-08-15","1.90"
"2010-08-16","1.80"
"2010-08-17","1.82"
"2010-08-18","1.83"
"2010-08-19","1.87"
"2010-08-20","1.93"
"2010-08-21","1.80"
"2010-08-22","1.82"
"2010-08-23","1.86"
"2010-08-24","1.87"
"2010-08-25","1.83"
"2010-08-26","1.78"
"2010-08-27","1.85"
"2010-08-28","1.69"
"2010-08-29","1.71"
"2010-08-30","1.63"
"2010-08-31","1.60"
"2010-09-01","1.60"
"2010-09-02","1.65"
"2010-09-03","1.70"
"2010-09-04","1.71"
"2010-09-05","1.73"
"2010-09-06","1.78"
"2010-09-07","1.91"
"2010-09-08","1.81"
"2010-09-09","1.69"
"2010-09-10","1.66"
"2010-09-11","1.66"
"2010-09-12","1.69"
"2010-09-13","1.67"
"2010-09-14","1.67"
"2010-09-15","1.68"
"2010-09-16","1.73"
"2010-09-17","1.79"
"2010-09-18","1.82"
"2010-09-19","1.79"
"2010-09-20","1.80"
"2010-09-21","1.78"
"2010-09-22","1.69"
"2010-09-23","1.69"
"2010-09-24","1.83"
"2010-09-25","1.73"
"2010-09-26","1.73"
"2010-09-27","1.76"
"2010-09-28","1.69"
"2010-09-29","1.70"
"2010-09-30","1.70"
"2010-10-01","1.78"
"2010-10-02","1.79"
"2010-10-03","1.83"
"2010-10-04","2.64"
"2010-10-05","2.95"
"2010-10-06","2.25"
"2010-10-07","2.31"
"2010-10-08","2.23"
"2010-10-09","2.17"
"2010-10-10","1.87"
"2010-10-11","1.76"
"2010-10-12","1.69"
"2010-10-13","1.68"
"2010-10-14","1.69"
"2010-10-15","1.73"
"2010-10-16","1.78"
"2010-10-17","1.81"
"2010-10-18","1.76"
"2010-10-19","1.65"
"2010-10-20","1.65"
"2010-10-21","1.66"
"2010-10-22","1.64"
"2010-10-23","1.67"
"2010-10-24","1.69"
"2010-10-25","1.88"
"2010-10-26","1.88"
"2010-10-27","1.78"
"2010-10-28","1.75"
"2010-10-29","1.73"
"2010-10-30","1.77"
"2010-10-31","2.04"
"2010-11-01","2.93"
"2010-11-02","6.00"
"2010-11-03","2.88"
"2010-11-04","2.27"
"2010-11-05","2.14"
"2010-11-06","2.07"
"2010-11-07","2.03"
"2010-11-08","1.96"
"2010-11-09","1.97"
"2010-11-10","1.91"
"2010-11-11","1.85"
"2010-11-12","1.84"
"2010-11-13","1.87"
"2010-11-14","1.88"
"2010-11-15","1.99"
"2010-11-16","2.41"
"2010-11-17","2.41"
"2010-11-18","2.28"
"2010-11-19","2.26"
"2010-11-20","2.40"
"2010-11-21","2.40"
"2010-11-22","2.31"
"2010-11-23","2.20"
"2010-11-24","2.05"
"2010-11-25","2.02"
"2010-11-26","2.05"
"2010-11-27","1.99"
"2010-11-28","1.99"
"2010-11-29","1.91"
"2010-11-30","1.95"
"2010-12-01","1.92"
"2010-12-02","1.87"
"2010-12-03","1.88"
"2010-12-04","1.86"
"2010-12-05","1.87"
"2010-12-06","1.87"
"2010-12-07","1.89"
"2010-12-08","1.85"
"2010-12-09","1.84"
"2010-12-10","1.85"
"2010-12-11","1.83"
"2010-12-12","1.79"
"2010-12-13","1.84"
"2010-12-14","1.84"
"2010-12-15","1.84"
"2010-12-16","1.83"
"2010-12-17","1.85"
"2010-12-18","1.85"
"2010-12-19","1.83"
"2010-12-20","1.81"
"2010-12-21","1.78"
"2010-12-22","1.78"
"2010-12-23","1.88"
"2010-12-24","2.03"
"2010-12-25","2.00"
"2010-12-26","1.98"
"2010-12-27","1.91"
"2010-12-28","1.91"
"2010-12-29","1.86"
"2010-12-30","1.88"
"2010-12-31","1.86"
"2011-01-01","1.89"
"2011-01-02","1.90"
"2011-01-03","1.88"
"2011-01-04","1.84"
"2011-01-05","1.85"
"2011-01-06","1.85"
"2011-01-07","1.88"
"2011-01-08","1.82"
"2011-01-09","1.83"
"2011-01-10","1.88"
"2011-01-11","1.87"
"2011-01-12","1.80"
"2011-01-13","1.83"
"2011-01-14","1.76"
"2011-01-15","1.79"
"2011-01-16","1.73"
"2011-01-17","1.72"
"2011-01-18","1.77"
"2011-01-19","1.80"
"2011-01-20","1.88"
"2011-01-21","1.88"
"2011-01-22","1.88"
"2011-01-23","1.82"
"2011-01-24","1.78"
"2011-01-25","1.80"
"2011-01-26","1.80"
"2011-01-27","1.82"
"2011-01-28","1.81"
"2011-01-29","1.76"
"2011-01-30","1.77"
"2011-01-31","1.84"
"2011-02-01","1.74"
"2011-02-02","1.69"
"2011-02-03","1.69"
"2011-02-04","1.67"
"2011-02-05","1.64"
"2011-02-06","1.68"
"2011-02-07","1.66"
"2011-02-08","1.69"
"2011-02-09","1.74"
"2011-02-10","1.74"
"2011-02-11","1.76"
"2011-02-12","1.77"
"2011-02-13","1.81"
"2011-02-14","1.85"
"2011-02-15","1.94"
"2011-02-16","1.97"
"2011-02-17","1.95"
"2011-02-18","1.87"
"2011-02-19","1.87"
"2011-02-20","1.96"
"2011-02-21","1.92"
"2011-02-22","1.95"
"2011-02-23","1.92"
"2011-02-24","1.88"
"2011-02-25","1.91"
"2011-02-26","1.88"
"2011-02-27","1.86"
"2011-02-28","1.95"
"2011-03-01","2.01"
"2011-03-02","1.90"
"2011-03-03","1.87"
"2011-03-04","1.87"
"2011-03-05","1.86"
"2011-03-06","1.93"
"2011-03-07","2.10"
"2011-03-08","1.99"
"2011-03-09","1.98"
"2011-03-10","2.06"
"2011-03-11","2.16"
"2011-03-12","2.37"
"2011-03-13","2.51"
"2011-03-14","2.46"
"2011-03-15","2.80"
"2011-03-16","5.12"
"2011-03-17","3.86"
"2011-03-18","3.22"
"2011-03-19","3.14"
"2011-03-20","3.29"
"2011-03-21","3.00"
"2011-03-22","2.81"
"2011-03-23","2.73"
"2011-03-24","2.67"
"2011-03-25","2.49"
"2011-03-26","2.24"
"2011-03-27","2.30"
"2011-03-28","2.27"
"2011-03-29","2.25"
"2011-03-30","2.19"
"2011-03-31","2.12"
"2011-04-01","2.12"
"2011-04-02","3.18"
"2011-04-03","4.48"
"2011-04-04","5.71"
"2011-04-05","6.38"
"2011-04-06","5.76"
"2011-04-07","6.19"
"2011-04-08","7.60"
"2011-04-09","8.34"
"2011-04-10","8.21"
"2011-04-11","8.13"
"2011-04-12","7.78"
"2011-04-13","7.15"
"2011-04-14","5.94"
"2011-04-15","4.86"
"2011-04-16","3.63"
"2011-04-17","2.77"
"2011-04-18","2.51"
"2011-04-19","2.25"
"2011-04-20","2.21"
"2011-04-21","1.98"
"2011-04-22","1.85"
"2011-04-23","1.82"
"2011-04-24","1.69"
"2011-04-25","2.40"
"2011-04-26","2.72"
"2011-04-27","4.16"
"2011-04-28","5.53"
"2011-04-29","6.07"
"2011-04-30","6.81"
"2011-05-01","5.69"
"2011-05-02","5.31"
"2011-05-03","4.89"
"2011-05-04","5.18"
"2011-05-05","5.61"
"2011-05-06","5.78"
"2011-05-07","6.40"
"2011-05-08","6.68"
"2011-05-09","7.46"
"2011-05-10","8.60"
"2011-05-11","9.28"
"2011-05-12","9.37"
"2011-05-13","10.60"
"2011-05-14","10.90"
"2011-05-15","10.00"
"2011-05-16","8.88"
"2011-05-17","8.19"
"2011-05-18","7.86"
"2011-05-19","7.32"
"2011-05-20","6.28"
"2011-05-21","5.95"
"2011-05-22","6.38"
"2011-05-23","6.08"
"2011-05-24","6.40"
"2011-05-25","7.49"
"2011-05-26","8.07"
"2011-05-27","7.93"
"2011-05-28","7.43"
"2011-05-29","6.64"
"2011-05-30","6.45"
"2011-05-31","6.62"
"2011-06-01","7.30"
"2011-06-02","23.80"
"2011-06-03","41.30"
"2011-06-04","38.10"
"2011-06-05","37.80"
"2011-06-06","35.20"
"2011-06-07","35.10"
"2011-06-08","30.60"
"2011-06-09","23.80"
"2011-06-10","20.90"
"2011-06-11","17.50"
"2011-06-12","15.30"
"2011-06-13","13.50"
"2011-06-14","11.90"
"2011-06-15","10.80"
"2011-06-16","9.93"
"2011-06-17","9.55"
"2011-06-18","9.19"
"2011-06-19","7.93"
"2011-06-20","7.19"
"2011-06-21","6.65"
"2011-06-22","6.46"
"2011-06-23","6.13"
"2011-06-24","5.45"
"2011-06-25","5.20"
"2011-06-26","4.51"
"2011-06-27","4.27"
"2011-06-28","3.59"
"2011-06-29","3.83"
"2011-06-30","3.62"
"2011-07-01","3.39"
"2011-07-02","3.31"
"2011-07-03","3.25"
"2011-07-04","3.39"
"2011-07-05","3.17"
"2011-07-06","3.22"
"2011-07-07","3.34"
"2011-07-08","3.27"
"2011-07-09","3.22"
"2011-07-10","3.26"
"2011-07-11","3.08"
"2011-07-12","3.04"
"2011-07-13","3.02"
"2011-07-14","2.88"
"2011-07-15","2.91"
"2011-07-16","2.99"
"2011-07-17","3.04"
"2011-07-18","2.84"
"2011-07-19","2.98"
"2011-07-20","2.73"
"2011-07-21","2.72"
"2011-07-22","2.74"
"2011-07-23","2.72"
"2011-07-24","2.63"
"2011-07-25","2.70"
"2011-07-26","2.78"
"2011-07-27","3.10"
"2011-07-28","2.87"
"2011-07-29","2.78"
"2011-07-30","2.85"
"2011-07-31","2.84"
"2011-08-01","3.05"
"2011-08-02","3.05"
"2011-08-03","3.09"
"2011-08-04","2.95"
"2011-08-05","2.90"
"2011-08-06","2.79"
"2011-08-07","2.86"
"2011-08-08","2.60"
"2011-08-09","2.40"
"2011-08-10","2.39"
"2011-08-11","2.43"
"2011-08-12","2.62"
"2011-08-13","2.78"
"2011-08-14","2.85"
"2011-08-15","2.83"
"2011-08-16","2.89"
"2011-08-17","2.84"
"2011-08-18","2.85"
"2011-08-19","2.82"
"2011-08-20","2.72"
"2011-08-21","2.82"
"2011-08-22","2.94"
"2011-08-23","2.73"
"2011-08-24","2.34"
"2011-08-25","1.75"
"2011-08-26","1.74"
"2011-08-27","1.56"
"2011-08-28","1.55"
"2011-08-29","1.63"
"2011-08-30","1.62"
"2011-08-31","1.72"
"2011-09-01","1.75"
"2011-09-02","1.73"
"2011-09-03","1.82"
"2011-09-04","2.00"
"2011-09-05","1.84"
"2011-09-06","1.73"
"2011-09-07","1.80"
"2011-09-08","1.72"
"2011-09-09","1.69"
"2011-09-10","1.79"
"2011-09-11","1.75"
"2011-09-12","1.70"
"2011-09-13","1.73"
"2011-09-14","1.75"
"2011-09-15","1.81"
"2011-09-16","1.82"
"2011-09-17","2.04"
"2011-09-18","1.92"
"2011-09-19","1.68"
"2011-09-20","1.63"
"2011-09-21","1.65"
"2011-09-22","1.60"
"2011-09-23","1.64"
"2011-09-24","1.77"
"2011-09-25","2.00"
"2011-09-26","1.72"
"2011-09-27","1.64"
"2011-09-28","1.71"
"2011-09-29","1.69"
"2011-09-30","1.69"
"2011-10-01","1.66"
"2011-10-02","1.67"
"2011-10-03","1.71"
"2011-10-04","1.76"
"2011-10-05","1.72"
"2011-10-06","1.72"
"2011-10-07","1.59"
"2011-10-08","1.54"
"2011-10-09","1.59"
"2011-10-10","1.62"
"2011-10-11","1.56"
"2011-10-12","1.55"
"2011-10-13","1.54"
"2011-10-14","1.67"
"2011-10-15","1.63"
"2011-10-16","1.54"
"2011-10-17","1.61"
"2011-10-18","1.62"
"2011-10-19","1.68"
"2011-10-20","1.59"
"2011-10-21","1.70"
"2011-10-22","1.68"
"2011-10-23","1.64"
"2011-10-24","1.67"
"2011-10-25","1.92"
"2011-10-26","1.69"
"2011-10-27","1.70"
"2011-10-28","1.72"
"2011-10-29","1.73"
"2011-10-30","1.72"
"2011-10-31","1.73"
"2011-11-01","1.69"
"2011-11-02","1.73"
"2011-11-03","1.75"
"2011-11-04","1.96"
"2011-11-05","3.78"
"2011-11-06","57.40"
"2011-11-07","32.10"
"2011-11-08","20.40"
"2011-11-09","19.60"
"2011-11-10","12.10"
"2011-11-11","7.77"
"2011-11-12","5.18"
"2011-11-13","3.06"
"2011-11-14","1.71"
"2011-11-15","5.24"
"2011-11-16","4.67"
"2011-11-17","1.49"
"2011-11-18","1.38"
"2011-11-19","1.37"
"2011-11-20","1.38"
"2011-11-21","1.43"
"2011-11-22","1.39"
"2011-11-23","1.34"
"2011-11-24","1.33"
"2011-11-25","1.19"
"2011-11-26","1.01"
"2011-11-27","1.03"
"2011-11-28","1.08"
"2011-11-29","1.05"
"2011-11-30","1.04"
"2011-12-01","0.98"
"2011-12-02","1.06"
"2011-12-03","1.06"
"2011-12-04","1.03"
"2011-12-05","1.07"
"2011-12-06","0.98"
"2011-12-07","0.91"
"2011-12-08","0.93"
"2011-12-09","0.99"
"2011-12-10","0.93"
"2011-12-11","0.96"
"2011-12-12","0.98"
"2011-12-13","0.95"
"2011-12-14","0.94"
"2011-12-15","0.85"
"2011-12-16","0.96"
"2011-12-17","1.03"
"2011-12-18","0.85"
"2011-12-19","0.80"
"2011-12-20","0.97"
"2011-12-21","0.97"
"2011-12-22","0.80"
"2011-12-23","0.57"
"2011-12-24","0.56"
"2011-12-25","0.51"
"2011-12-26","0.56"
"2011-12-27","0.51"
"2011-12-28","0.52"
"2011-12-29","0.53"
"2011-12-30","0.53"
"2011-12-31","0.51"
"2012-01-01","1.52"
"2012-01-02","1.54"
"2012-01-03","1.54"
"2012-01-04","1.52"
"2012-01-05","1.48"
"2012-01-06","1.48"
"2012-01-07","1.47"
"2012-01-08","1.45"
"2012-01-09","1.45"
"2012-01-10","1.39"
"2012-01-11","1.42"
"2012-01-12","1.43"
"2012-01-13","1.41"
"2012-01-14","1.41"
"2012-01-15","1.47"
"2012-01-16","1.46"
"2012-01-17","1.43"
"2012-01-18","1.42"
"2012-01-19","1.45"
"2012-01-20","1.43"
"2012-01-21","1.37"
"2012-01-22","1.38"
"2012-01-23","1.40"
"2012-01-24","1.56"
"2012-01-25","1.77"
"2012-01-26","1.76"
"2012-01-27","1.78"
"2012-01-28","1.83"
"2012-01-29","1.82"
"2012-01-30","1.79"
"2012-01-31","1.77"
"2012-02-01","1.76"
"2012-02-02","1.71"
"2012-02-03","1.71"
"2012-02-04","1.74"
"2012-02-05","1.75"
"2012-02-06","1.92"
"2012-02-07","1.86"
"2012-02-08","1.76"
"2012-02-09","1.74"
"2012-02-10","1.79"
"2012-02-11","1.77"
"2012-02-12","1.77"
"2012-02-13","1.72"
"2012-02-14","1.70"
"2012-02-15","1.68"
"2012-02-16","1.66"
"2012-02-17","1.71"
"2012-02-18","1.74"
"2012-02-19","1.72"
"2012-02-20","1.78"
"2012-02-21","1.71"
"2012-02-22","1.65"
"2012-02-23","1.64"
"2012-02-24","1.96"
"2012-02-25","2.22"
"2012-02-26","2.29"
"2012-02-27","2.22"
"2012-02-28","2.22"
"2012-02-29","2.22"
"2012-03-01","2.27"
"2012-03-02","2.25"
"2012-03-03","2.25"
"2012-03-04","2.27"
"2012-03-05","2.36"
"2012-03-06","2.45"
"2012-03-07","2.24"
"2012-03-08","2.24"
"2012-03-09","2.24"
"2012-03-10","2.20"
"2012-03-11","2.27"
"2012-03-12","2.16"
"2012-03-13","2.22"
"2012-03-14","2.21"
"2012-03-15","2.21"
"2012-03-16","2.23"
"2012-03-17","2.23"
"2012-03-18","2.26"
"2012-03-19","2.19"
"2012-03-20","2.15"
"2012-03-21","2.11"
"2012-03-22","2.09"
"2012-03-23","2.12"
"2012-03-24","2.15"
"2012-03-25","2.14"
"2012-03-26","2.11"
"2012-03-27","2.06"
"2012-03-28","2.06"
"2012-03-29","2.02"
"2012-03-30","2.03"
"2012-03-31","2.07"
"2012-04-01","2.08"
"2012-04-02","2.18"
"2012-04-03","2.17"
"2012-04-04","2.19"
"2012-04-05","2.13"
"2012-04-06","2.13"
"2012-04-07","2.11"
"2012-04-08","2.03"
"2012-04-09","1.97"
"2012-04-10","2.22"
"2012-04-11","2.27"
"2012-04-12","2.18"
"2012-04-13","2.35"
"2012-04-14","2.49"
"2012-04-15","2.49"
"2012-04-16","2.44"
"2012-04-17","2.22"
"2012-04-18","2.28"
"2012-04-19","2.34"
"2012-04-20","2.18"
"2012-04-21","2.14"
"2012-04-22","2.10"
"2012-04-23","2.17"
"2012-04-24","2.09"
"2012-04-25","2.10"
"2012-04-26","2.15"
"2012-04-27","2.10"
"2012-04-28","2.10"
"2012-04-29","2.23"
"2012-04-30","2.51"
"2012-05-01","6.11"
"2012-05-02","6.54"
"2012-05-03","4.57"
"2012-05-04","3.90"
"2012-05-05","3.72"
"2012-05-06","3.48"
"2012-05-07","3.25"
"2012-05-08","3.64"
"2012-05-09","3.17"
"2012-05-10","3.42"
"2012-05-11","6.21"
"2012-05-12","7.31"
"2012-05-13","8.67"
"2012-05-14","6.05"
"2012-05-15","5.51"
"2012-05-16","4.50"
"2012-05-17","3.10"
"2012-05-18","3.59"
"2012-05-19","3.21"
"2012-05-20","3.50"
"2012-05-21","8.69"
"2012-05-22","3.91"
"2012-05-23","3.12"
"2012-05-24","3.55"
"2012-05-25","4.58"
"2012-05-26","5.74"
"2012-05-27","6.18"
"2012-05-28","5.80"
"2012-05-29","5.52"
"2012-05-30","5.50"
"2012-05-31","5.79"
"2012-06-01","6.06"
"2012-06-02","6.50"
"2012-06-03","6.73"
"2012-06-04","6.54"
"2012-06-05","5.38"
"2012-06-06","4.92"
"2012-06-07","4.60"
"2012-06-08","4.65"
"2012-06-09","3.88"
"2012-06-10","3.24"
"2012-06-11","2.77"
"2012-06-12","2.33"
"2012-06-13","1.87"
"2012-06-14","1.83"
"2012-06-15","1.80"
"2012-06-16","1.79"
"2012-06-17","1.76"
"2012-06-18","1.91"
"2012-06-19","2.00"
"2012-06-20","1.79"
"2012-06-21","1.81"
"2012-06-22","1.76"
"2012-06-23","1.76"
"2012-06-24","1.91"
"2012-06-25","1.73"
"2012-06-26","1.81"
"2012-06-27","1.83"
"2012-06-28","1.86"
"2012-06-29","1.91"
"2012-06-30","1.85"
"2012-07-01","1.84"
"2012-07-02","1.84"
"2012-07-03","1.78"
"2012-07-04","1.87"
"2012-07-05","1.84"
"2012-07-06","1.77"
"2012-07-07","1.71"
"2012-07-08","1.80"
"2012-07-09","1.79"
"2012-07-10","1.77"
"2012-07-11","1.73"
"2012-07-12","1.67"
"2012-07-13","1.86"
"2012-07-14","1.74"
"2012-07-15","1.82"
"2012-07-16","1.83"
"2012-07-17","1.88"
"2012-07-18","1.90"
"2012-07-19","1.95"
"2012-07-20","2.00"
"2012-07-21","2.01"
"2012-07-22","2.01"
"2012-07-23","2.03"
"2012-07-24","2.00"
"2012-07-25","2.01"
"2012-07-26","1.98"
"2012-07-27","1.99"
"2012-07-28","1.97"
"2012-07-29","1.94"
"2012-07-30","1.91"
"2012-07-31","2.00"
"2012-08-01","2.09"
"2012-08-02","2.06"
"2012-08-03","1.98"
"2012-08-04","2.07"
"2012-08-05","2.06"
"2012-08-06","1.95"
"2012-08-07","1.93"
"2012-08-08","1.93"
"2012-08-09","1.90"
"2012-08-10","1.97"
"2012-08-11","1.97"
"2012-08-12","1.99"
"2012-08-13","2.00"
"2012-08-14","1.98"
"2012-08-15","2.02"
"2012-08-16","2.00"
"2012-08-17","2.02"
"2012-08-18","2.03"
"2012-08-19","2.06"
"2012-08-20","2.01"
"2012-08-21","2.07"
"2012-08-22","2.00"
"2012-08-23","2.05"
"2012-08-24","2.02"
"2012-08-25","2.00"
"2012-08-26","1.87"
"2012-08-27","1.86"
"2012-08-28","1.88"
"2012-08-29","1.93"
"2012-08-30","2.01"
"2012-08-31","2.11"
"2012-09-01","2.21"
"2012-09-02","2.45"
"2012-09-03","12.81"
"2012-09-04","13.80"
"2012-09-05","7.42"
"2012-09-06","3.51"
"2012-09-07","1.75"
"2012-09-08","1.73"
"2012-09-09","1.66"
"2012-09-10","1.69"
"2012-09-11","1.63"
"2012-09-12","1.87"
"2012-09-13","1.61"
"2012-09-14","1.52"
"2012-09-15","1.59"
"2012-09-16","1.58"
"2012-09-17","1.67"
"2012-09-18","1.71"
"2012-09-19","1.65"
"2012-09-20","1.57"
"2012-09-21","1.65"
"2012-09-22","1.63"
"2012-09-23","1.65"
"2012-09-24","1.68"
"2012-09-25","1.75"
"2012-09-26","1.70"
"2012-09-27","1.61"
"2012-09-28","1.66"
"2012-09-29","1.76"
"2012-09-30","1.82"
"2012-10-01","1.81"
"2012-10-02","1.68"
"2012-10-03","1.69"
"2012-10-04","1.68"
"2012-10-05","1.71"
"2012-10-06","1.74"
"2012-10-07","1.75"
"2012-10-08","1.74"
"2012-10-09","1.74"
"2012-10-10","1.77"
"2012-10-11","1.75"
"2012-10-12","1.75"
"2012-10-13","1.70"
"2012-10-14","1.72"
"2012-10-15","1.82"
"2012-10-16","1.69"
"2012-10-17","1.72"
"2012-10-18","1.74"
"2012-10-19","1.71"
"2012-10-20","1.69"
"2012-10-21","1.70"
"2012-10-22","1.72"
"2012-10-23","1.65"
"2012-10-24","1.59"
"2012-10-25","1.62"
"2012-10-26","1.91"
"2012-10-27","1.83"
"2012-10-28","2.02"
"2012-10-29","1.79"
"2012-10-30","1.75"
"2012-10-31","1.83"
"2012-11-01","1.91"
"2012-11-02","1.88"
"2012-11-03","1.98"
"2012-11-04","2.06"
"2012-11-05","5.34"
"2012-11-06","2.20"
"2012-11-07","1.82"
"2012-11-08","1.74"
"2012-11-09","1.77"
"2012-11-10","4.04"
"2012-11-11","7.79"
"2012-11-12","5.52"
"2012-11-13","3.78"
"2012-11-14","3.06"
"2012-11-15","2.35"
"2012-11-16","2.22"
"2012-11-17","2.03"
"2012-11-18","1.93"
"2012-11-19","2.20"
"2012-11-20","2.15"
"2012-11-21","1.93"
"2012-11-22","1.88"
"2012-11-23","1.85"
"2012-11-24","1.83"
"2012-11-25","1.85"
"2012-11-26","1.83"
"2012-11-27","1.84"
"2012-11-28","4.13"
"2012-11-29","6.13"
"2012-11-30","3.11"
"2012-12-01","2.45"
"2012-12-02","2.23"
"2012-12-03","1.84"
"2012-12-04","1.54"
"2012-12-05","1.46"
"2012-12-06","1.41"
"2012-12-07","1.41"
"2012-12-08","1.38"
"2012-12-09","1.33"
"2012-12-10","1.31"
"2012-12-11","1.27"
"2012-12-12","1.29"
"2012-12-13","1.29"
"2012-12-14","1.22"
"2012-12-15","1.21"
"2012-12-16","1.24"
"2012-12-17","1.22"
"2012-12-18","1.19"
"2012-12-19","1.19"
"2012-12-20","1.18"
"2012-12-21","1.20"
"2012-12-22","1.13"
"2012-12-23","1.14"
"2012-12-24","1.22"
"2012-12-25","1.20"
"2012-12-26","1.22"
"2012-12-27","1.23"
"2012-12-28","1.21"
"2012-12-29","1.19"
"2012-12-30","1.16"
"2012-12-31","1.19"
"2013-01-01","1.55"
"2013-01-02","1.54"
"2013-01-03","1.51"
"2013-01-04","1.42"
"2013-01-05","1.41"
"2013-01-06","1.41"
"2013-01-07","1.40"
"2013-01-08","1.39"
"2013-01-09","1.37"
"2013-01-10","1.39"
"2013-01-11","1.40"
"2013-01-12","1.38"
"2013-01-13","1.36"
"2013-01-14","1.36"
"2013-01-15","1.36"
"2013-01-16","1.30"
"2013-01-17","1.34"
"2013-01-18","1.29"
"2013-01-19","1.31"
"2013-01-20","1.38"
"2013-01-21","1.35"
"2013-01-22","1.27"
"2013-01-23","1.44"
"2013-01-24","1.36"
"2013-01-25","1.28"
"2013-01-26","1.33"
"2013-01-27","1.33"
"2013-01-28","1.34"
"2013-01-29","1.31"
"2013-01-30","1.31"
"2013-01-31","1.33"
"2013-02-01","1.36"
"2013-02-02","1.49"
"2013-02-03","1.36"
"2013-02-04","1.34"
"2013-02-05","1.31"
"2013-02-06","1.37"
"2013-02-07","1.38"
"2013-02-08","1.52"
"2013-02-09","1.94"
"2013-02-10","1.91"
"2013-02-11","1.89"
"2013-02-12","1.80"
"2013-02-13","1.70"
"2013-02-14","1.73"
"2013-02-15","1.71"
"2013-02-16","1.70"
"2013-02-17","1.73"
"2013-02-18","1.73"
"2013-02-19","1.66"
"2013-02-20","1.73"
"2013-02-21","1.77"
"2013-02-22","1.76"
"2013-02-23","1.74"
"2013-02-24","1.73"
"2013-02-25","1.77"
"2013-02-26","1.75"
"2013-02-27","1.74"
"2013-02-28","1.79"
"2013-03-01","1.85"
"2013-03-02","1.89"
"2013-03-03","1.88"
"2013-03-04","1.93"
"2013-03-05","1.97"
"2013-03-06","2.02"
"2013-03-07","2.06"
"2013-03-08","2.40"
"2013-03-09","2.33"
"2013-03-10","2.17"
"2013-03-11","2.18"
"2013-03-12","2.23"
"2013-03-13","2.15"
"2013-03-14","2.15"
"2013-03-15","2.03"
"2013-03-16","1.98"
"2013-03-17","2.05"
"2013-03-18","2.00"
"2013-03-19","1.93"
"2013-03-20","1.99"
"2013-03-21","1.96"
"2013-03-22","1.95"
"2013-03-23","2.06"
"2013-03-24","2.18"
"2013-03-25","2.21"
"2013-03-26","2.32"
"2013-03-27","2.23"
"2013-03-28","2.21"
"2013-03-29","2.17"
"2013-03-30","2.29"
"2013-03-31","2.10"
"2013-04-01","2.40"
"2013-04-02","2.52"
"2013-04-03","2.60"
"2013-04-04","2.82"
"2013-04-05","2.89"
"2013-04-06","2.92"
"2013-04-07","2.88"
"2013-04-08","2.93"
"2013-04-09","2.86"
"2013-04-10","2.79"
"2013-04-11","2.82"
"2013-04-12","2.76"
"2013-04-13","2.75"
"2013-04-14","2.82"
"2013-04-15","2.90"
"2013-04-16","4.49"
"2013-04-17","6.96"
"2013-04-18","9.33"
"2013-04-19","10.71"
"2013-04-20","14.31"
"2013-04-21","11.25"
"2013-04-22","10.07"
"2013-04-23","7.96"
"2013-04-24","6.60"
"2013-04-25","6.38"
"2013-04-26","7.59"
"2013-04-27","9.66"
"2013-04-28","10.59"
"2013-04-29","21.95"
"2013-04-30","36.02"
"2013-05-01","35.86"
"2013-05-02","29.51"
"2013-05-03","24.84"
"2013-05-04","22.40"
"2013-05-05","20.74"
"2013-05-06","20.06"
"2013-05-07","17.83"
"2013-05-08","16.51"
"2013-05-09","16.73"
"2013-05-10","19.02"
"2013-05-11","19.10"
"2013-05-12","18.05"
"2013-05-13","16.21"
"2013-05-14","15.79"
"2013-05-15","15.68"
"2013-05-16","19.31"
"2013-05-17","18.91"
"2013-05-18","17.95"
"2013-05-19","19.86"
"2013-05-20","17.30"
"2013-05-21","15.24"
"2013-05-22","13.38"
"2013-05-23","13.16"
"2013-05-24","12.08"
"2013-05-25","11.32"
"2013-05-26","9.51"
"2013-05-27","8.79"
"2013-05-28","8.68"
"2013-05-29","8.02"
"2013-05-30","8.30"
"2013-05-31","7.03"
"2013-06-01","6.74"
"2013-06-02","6.85"
"2013-06-03","7.95"
"2013-06-04","7.79"
"2013-06-05","7.58"
"2013-06-06","7.35"
"2013-06-07","8.27"
"2013-06-08","8.79"
"2013-06-09","9.47"
"2013-06-10","8.54"
"2013-06-11","8.08"
"2013-06-12","8.96"
"2013-06-13","10.15"
"2013-06-14","11.25"
"2013-06-15","11.96"
"2013-06-16","12.89"
"2013-06-17","13.28"
"2013-06-18","13.09"
"2013-06-19","12.31"
"2013-06-20","13.30"
"2013-06-21","11.51"
"2013-06-22","9.99"
"2013-06-23","9.25"
"2013-06-24","8.09"
"2013-06-25","7.16"
"2013-06-26","6.28"
"2013-06-27","5.86"
"2013-06-28","5.30"
"2013-06-29","4.42"
"2013-06-30","3.74"
"2013-07-01","3.70"
"2013-07-02","3.93"
"2013-07-03","3.40"
"2013-07-04","2.66"
"2013-07-05","2.25"
"2013-07-06","2.16"
"2013-07-07","2.36"
"2013-07-08","3.25"
"2013-07-09","3.22"
"2013-07-10","2.21"
"2013-07-11","2.06"
"2013-07-12","2.11"
"2013-07-13","2.11"
"2013-07-14","2.19"
"2013-07-15","1.94"
"2013-07-16","2.01"
"2013-07-17","3.06"
"2013-07-18","4.44"
"2013-07-19","4.75"
"2013-07-20","2.81"
"2013-07-21","2.26"
"2013-07-22","2.23"
"2013-07-23","2.53"
"2013-07-24","2.82"
"2013-07-25","2.69"
"2013-07-26","2.66"
"2013-07-27","2.50"
"2013-07-28","2.40"
"2013-07-29","2.72"
"2013-07-30","7.27"
"2013-07-31","8.60"
"2013-08-01","8.42"
"2013-08-02","8.17"
"2013-08-03","8.18"
"2013-08-04","7.70"
"2013-08-05","7.63"
"2013-08-06","7.60"
"2013-08-07","7.35"
"2013-08-08","7.53"
"2013-08-09","7.01"
"2013-08-10","7.27"
"2013-08-11","7.66"
"2013-08-12","8.26"
"2013-08-13","7.80"
"2013-08-14","7.70"
"2013-08-15","7.58"
"2013-08-16","7.36"
"2013-08-17","7.20"
"2013-08-18","7.61"
"2013-08-19","7.59"
"2013-08-20","7.02"
"2013-08-21","7.04"
"2013-08-22","6.80"
"2013-08-23","6.74"
"2013-08-24","6.51"
"2013-08-25","6.32"
"2013-08-26","6.45"
"2013-08-27","6.38"
"2013-08-28","6.05"
"2013-08-29","5.84"
"2013-08-30","5.96"
"2013-08-31","5.65"
"2013-09-01","5.48"
"2013-09-02","5.28"
"2013-09-03","5.05"
"2013-09-04","5.04"
"2013-09-05","5.08"
"2013-09-06","5.30"
"2013-09-07","5.17"
"2013-09-08","5.24"
"2013-09-09","4.99"
"2013-09-10","4.96"
"2013-09-11","4.90"
"2013-09-12","4.76"
"2013-09-13","4.75"
"2013-09-14","4.74"
"2013-09-15","5.09"
"2013-09-16","4.90"
"2013-09-17","4.63"
"2013-09-18","4.65"
"2013-09-19","4.43"
"2013-09-20","4.36"
"2013-09-21","4.10"
"2013-09-22","4.53"
"2013-09-23","4.69"
"2013-09-24","4.53"
"2013-09-25","4.61"
"2013-09-26","4.50"
"2013-09-27","4.60"
"2013-09-28","4.65"
"2013-09-29","4.68"
"2013-09-30","4.88"
"2013-10-01","4.45"
"2013-10-02","4.48"
"2013-10-03","4.42"
"2013-10-04","4.64"
"2013-10-05","5.97"
"2013-10-06","4.97"
"2013-10-07","7.21"
"2013-10-08","7.59"
"2013-10-09","5.58"
"2013-10-10","5.22"
"2013-10-11","4.83"
"2013-10-12","4.95"
"2013-10-13","4.84"
"2013-10-14","4.63"
"2013-10-15","4.73"
"2013-10-16","4.64"
"2013-10-17","4.63"
"2013-10-18","4.48"
"2013-10-19","4.52"
"2013-10-20","4.60"
"2013-10-21","4.67"
"2013-10-22","4.66"
"2013-10-23","6.28"
"2013-10-24","6.46"
"2013-10-25","5.75"
"2013-10-26","5.21"
"2013-10-27","5.14"
"2013-10-28","5.05"
"2013-10-29","5.36"
"2013-10-30","5.26"
"2013-10-31","5.05"
"2013-11-01","4.93"
"2013-11-02","5.01"
"2013-11-03","5.37"
"2013-11-04","5.46"
"2013-11-05","5.29"
"2013-11-06","5.10"
"2013-11-07","5.18"
"2013-11-08","5.14"
"2013-11-09","5.20"
"2013-11-10","5.24"
"2013-11-11","5.03"
"2013-11-12","4.77"
"2013-11-13","4.54"
"2013-11-14","4.69"
"2013-11-15","4.91"
"2013-11-16","5.09"
"2013-11-17","5.11"
"2013-11-18","5.31"
"2013-11-19","6.93"
"2013-11-20","6.30"
"2013-11-21","5.92"
"2013-11-22","5.74"
"2013-11-23","5.67"
"2013-11-24","5.76"
"2013-11-25","5.43"
"2013-11-26","5.11"
"2013-11-27","4.58"
"2013-11-28","4.54"
"2013-11-29","4.48"
"2013-11-30","4.72"
"2013-12-01","4.61"
"2013-12-02","4.58"
"2013-12-03","4.47"
"2013-12-04","4.31"
"2013-12-05","4.32"
"2013-12-06","4.33"
"2013-12-07","4.41"
"2013-12-08","4.47"
"2013-12-09","4.42"
"2013-12-10","4.73"
"2013-12-11","5.61"
"2013-12-12","5.63"
"2013-12-13","5.55"
"2013-12-14","5.44"
"2013-12-15","5.47"
"2013-12-16","5.41"
"2013-12-17","5.15"
"2013-12-18","5.09"
"2013-12-19","4.58"
"2013-12-20","4.24"
"2013-12-21","3.67"
"2013-12-22","3.67"
"2013-12-23","3.61"
"2013-12-24","3.54"
"2013-12-25","3.80"
"2013-12-26","4.06"
"2013-12-27","3.80"
"2013-12-28","3.65"
"2013-12-29","3.66"
"2013-12-30","3.54"
"2013-12-31","3.52"
"2014-01-01","3.08"
"2014-01-02","2.77"
"2014-01-03","2.78"
"2014-01-04","2.72"
"2014-01-05","2.75"
"2014-01-06","2.57"
"2014-01-07","2.50"
"2014-01-08","2.50"
"2014-01-09","2.57"
"2014-01-10","2.60"
"2014-01-11","2.68"
"2014-01-12","2.61"
"2014-01-13","2.77"
"2014-01-14","2.79"
"2014-01-15","2.72"
"2014-01-16","2.76"
"2014-01-17","2.85"
"2014-01-18","2.90"
"2014-01-19","3.03"
"2014-01-20","3.02"
"2014-01-21","2.87"
"2014-01-22","2.83"
"2014-01-23","2.85"
"2014-01-24","2.81"
"2014-01-25","2.71"
"2014-01-26","2.66"
"2014-01-27","2.78"
"2014-01-28","2.74"
"2014-01-29","2.77"
"2014-01-30","2.81"
"2014-01-31","2.71"
"2014-02-01","2.65"
"2014-02-02","2.72"
"2014-02-03","2.81"
"2014-02-04","2.88"
"2014-02-05","2.97"
"2014-02-06","2.94"
"2014-02-07","3.02"
"2014-02-08","3.00"
"2014-02-09","2.87"
"2014-02-10","2.96"
"2014-02-11","2.88"
"2014-02-12","2.75"
"2014-02-13","2.88"
"2014-02-14","2.83"
"2014-02-15","2.84"
"2014-02-16","2.98"
"2014-02-17","3.13"
"2014-02-18","3.14"
"2014-02-19","3.15"
"2014-02-20","3.14"
"2014-02-21","3.10"
"2014-02-22","2.92"
"2014-02-23","2.98"
"2014-02-24","2.90"
"2014-02-25","2.94"
"2014-02-26","3.23"
"2014-02-27","2.97"
"2014-02-28","3.04"
"2014-03-01","3.10"
"2014-03-02","3.08"
"2014-03-03","3.27"
"2014-03-04","3.40"
"2014-03-05","3.16"
"2014-03-06","3.14"
"2014-03-07","3.18"
"2014-03-08","3.26"
"2014-03-09","3.40"
"2014-03-10","3.41"
"2014-03-11","3.29"
"2014-03-12","3.17"
"2014-03-13","3.17"
"2014-03-14","3.17"
"2014-03-15","3.25"
"2014-03-16","3.33"
"2014-03-17","3.33"
"2014-03-18","3.58"
"2014-03-19","4.94"
"2014-03-20","4.96"
"2014-03-21","4.21"
"2014-03-22","3.85"
"2014-03-23","3.67"
"2014-03-24","3.09"
"2014-03-25","2.96"
"2014-03-26","2.98"
"2014-03-27","3.00"
"2014-03-28","2.75"
"2014-03-29","2.69"
"2014-03-30","2.70"
"2014-03-31","2.70"
"2014-04-01","2.92"
"2014-04-02","3.20"
"2014-04-03","3.44"
"2014-04-04","3.96"
"2014-04-05","3.58"
"2014-04-06","3.45"
"2014-04-07","3.59"
"2014-04-08","5.07"
"2014-04-09","5.44"
"2014-04-10","5.64"
"2014-04-11","6.47"
"2014-04-12","7.88"
"2014-04-13","9.12"
"2014-04-14","9.22"
"2014-04-15","9.38"
"2014-04-16","8.30"
"2014-04-17","7.18"
"2014-04-18","6.66"
"2014-04-19","6.22"
"2014-04-20","4.97"
"2014-04-21","4.27"
"2014-04-22","3.65"
"2014-04-23","3.38"
"2014-04-24","3.54"
"2014-04-25","4.76"
"2014-04-26","4.59"
"2014-04-27","6.30"
"2014-04-28","5.24"
"2014-04-29","4.04"
"2014-04-30","3.75"
"2014-05-01","3.48"
"2014-05-02","4.25"
"2014-05-03","4.16"
"2014-05-04","3.96"
"2014-05-05","3.69"
"2014-05-06","3.71"
"2014-05-07","4.05"
"2014-05-08","5.62"
"2014-05-09","6.31"
"2014-05-10","7.53"
"2014-05-11","8.46"
"2014-05-12","7.83"
"2014-05-13","6.76"
"2014-05-14","5.42"
"2014-05-15","4.82"
"2014-05-16","4.07"
"2014-05-17","4.04"
"2014-05-18","3.87"
"2014-05-19","4.12"
"2014-05-20","3.71"
"2014-05-21","3.15"
"2014-05-22","3.44"
"2014-05-23","6.47"
"2014-05-24","6.33"
"2014-05-25","5.85"
"2014-05-26","5.69"
"2014-05-27","5.20"
"2014-05-28","6.15"
"2014-05-29","6.55"
"2014-05-30","6.04"
"2014-05-31","6.00"
"2014-06-01","5.46"
"2014-06-02","5.77"
"2014-06-03","6.66"
"2014-06-04","6.38"
"2014-06-05","5.99"
"2014-06-06","6.02"
"2014-06-07","6.21"
"2014-06-08","6.80"
"2014-06-09","7.16"
"2014-06-10","7.03"
"2014-06-11","6.43"
"2014-06-12","5.67"
"2014-06-13","5.88"
"2014-06-14","6.53"
"2014-06-15","9.54"
"2014-06-16","9.84"
"2014-06-17","8.14"
"2014-06-18","7.31"
"2014-06-19","6.21"
"2014-06-20","5.35"
"2014-06-21","5.08"
"2014-06-22","4.69"
"2014-06-23","4.49"
"2014-06-24","4.46"
"2014-06-25","4.50"
"2014-06-26","3.88"
"2014-06-27","2.88"
"2014-06-28","2.40"
"2014-06-29","2.34"
"2014-06-30","2.15"
"2014-07-01","2.10"
"2014-07-02","2.23"
"2014-07-03","2.10"
"2014-07-04","2.43"
"2014-07-05","2.23"
"2014-07-06","2.12"
"2014-07-07","2.19"
"2014-07-08","2.13"
"2014-07-09","2.07"
"2014-07-10","1.98"
"2014-07-11","1.98"
"2014-07-12","2.40"
"2014-07-13","2.22"
"2014-07-14","2.51"
"2014-07-15","2.17"
"2014-07-16","2.19"
"2014-07-17","2.06"
"2014-07-18","2.03"
"2014-07-19","2.09"
"2014-07-20","2.18"
"2014-07-21","2.18"
"2014-07-22","2.06"
"2014-07-23","2.18"
"2014-07-24","2.25"
"2014-07-25","2.19"
"2014-07-26","2.22"
"2014-07-27","2.02"
"2014-07-28","2.12"
"2014-07-29","2.23"
"2014-07-30","2.09"
"2014-07-31","2.00"
"2014-08-01","2.11"
"2014-08-02","2.16"
"2014-08-03","2.13"
"2014-08-04","2.02"
"2014-08-05","1.95"
"2014-08-06","2.01"
"2014-08-07","2.07"
"2014-08-08","2.06"
"2014-08-09","2.07"
"2014-08-10","2.10"
"2014-08-11","2.05"
"2014-08-12","2.00"
"2014-08-13","2.22"
"2014-08-14","1.96"
"2014-08-15","1.88"
"2014-08-16","1.85"
"2014-08-17","1.91"
"2014-08-18","1.99"
"2014-08-19","2.01"
"2014-08-20","2.04"
"2014-08-21","2.04"
"2014-08-22","1.97"
"2014-08-23","2.02"
"2014-08-24","1.92"
"2014-08-25","1.98"
"2014-08-26","2.06"
"2014-08-27","1.93"
"2014-08-28","2.02"
"2014-08-29","2.02"
"2014-08-30","1.98"
"2014-08-31","1.98"
"2014-09-01","1.85"
"2014-09-02","1.79"
"2014-09-03","1.87"
"2014-09-04","1.86"
"2014-09-05","2.01"
"2014-09-06","1.95"
"2014-09-07","1.97"
"2014-09-08","2.02"
"2014-09-09","1.98"
"2014-09-10","1.97"
"2014-09-11","1.95"
"2014-09-12","1.86"
"2014-09-13","1.83"
"2014-09-14","1.97"
"2014-09-15","1.98"
"2014-09-16","2.00"
"2014-09-17","2.11"
"2014-09-18","2.20"
"2014-09-19","2.09"
"2014-09-20","2.10"
"2014-09-21","1.94"
"2014-09-22","1.88"
"2014-09-23","2.24"
"2014-09-24","2.51"
"2014-09-25","2.49"
"2014-09-26","2.43"
"2014-09-27","2.44"
"2014-09-28","2.52"
"2014-09-29","2.48"
"2014-09-30","2.64"
"2014-10-01","2.62"
"2014-10-02","2.60"
"2014-10-03","2.56"
"2014-10-04","2.60"
"2014-10-05","2.65"
"2014-10-06","2.57"
"2014-10-07","2.65"
"2014-10-08","2.63"
"2014-10-09","2.57"
"2014-10-10","2.59"
"2014-10-11","2.61"
"2014-10-12","2.59"
"2014-10-13","2.80"
"2014-10-14","2.48"
"2014-10-15","2.38"
"2014-10-16","2.38"
"2014-10-17","2.41"
"2014-10-18","2.52"
"2014-10-19","2.52"
"2014-10-20","2.53"
"2014-10-21","2.54"
"2014-10-22","2.50"
"2014-10-23","2.46"
"2014-10-24","2.48"
"2014-10-25","2.54"
"2014-10-26","2.56"
"2014-10-27","2.61"
"2014-10-28","2.54"
"2014-10-29","2.55"
"2014-10-30","2.55"
"2014-10-31","2.51"
"2014-11-01","2.50"
"2014-11-02","2.44"
"2014-11-03","2.59"
"2014-11-04","3.30"
"2014-11-05","3.20"
"2014-11-06","2.61"
"2014-11-07","2.52"
"2014-11-08","2.49"
"2014-11-09","2.83"
"2014-11-10","3.06"
"2014-11-11","3.19"
"2014-11-12","3.33"
"2014-11-13","3.03"
"2014-11-14","2.88"
"2014-11-15","3.99"
"2014-11-16","3.52"
"2014-11-17","3.29"
"2014-11-18","3.14"
"2014-11-19","3.09"
"2014-11-20","3.06"
"2014-11-21","3.09"
"2014-11-22","3.05"
"2014-11-23","3.02"
"2014-11-24","2.99"
"2014-11-25","3.08"
"2014-11-26","3.07"
"2014-11-27","3.05"
"2014-11-28","3.20"
"2014-11-29","3.29"
"2014-11-30","7.44"
"2014-12-01","17.36"
"2014-12-02","10.26"
"2014-12-03","6.75"
"2014-12-04","4.88"
"2014-12-05","3.99"
"2014-12-06","4.23"
"2014-12-07","4.40"
"2014-12-08","3.93"
"2014-12-09","4.00"
"2014-12-10","3.71"
"2014-12-11","3.66"
"2014-12-12","3.52"
"2014-12-13","3.51"
"2014-12-14","3.44"
"2014-12-15","3.39"
"2014-12-16","3.54"
"2014-12-17","3.35"
"2014-12-18","3.34"
"2014-12-19","3.31"
"2014-12-20","3.29"
"2014-12-21","3.21"
"2014-12-22","3.22"
"2014-12-23","3.24"
"2014-12-24","3.15"
"2014-12-25","3.12"
"2014-12-26","3.12"
"2014-12-27","3.11"
"2014-12-28","3.13"
"2014-12-29","3.04"
"2014-12-30","3.02"
"2014-12-31","3.09"
"2015-01-01","2.89"
"2015-01-02","2.73"
"2015-01-03","2.72"
"2015-01-04","2.71"
"2015-01-05","2.72"
"2015-01-06","2.67"
"2015-01-07","2.73"
"2015-01-08","2.70"
"2015-01-09","2.60"
"2015-01-10","2.48"
"2015-01-11","2.61"
"2015-01-12","2.65"
"2015-01-13","2.66"
"2015-01-14","2.64"
"2015-01-15","2.66"
"2015-01-16","2.75"
"2015-01-17","2.79"
"2015-01-18","2.71"
"2015-01-19","2.70"
"2015-01-20","2.71"
"2015-01-21","2.72"
"2015-01-22","2.74"
"2015-01-23","2.68"
"2015-01-24","2.55"
"2015-01-25","2.56"
"2015-01-26","2.59"
"2015-01-27","2.58"
"2015-01-28","2.52"
"2015-01-29","2.56"
"2015-01-30","2.60"
"2015-01-31","2.59"
"2015-02-01","2.56"
"2015-02-02","2.48"
"2015-02-03","2.58"
"2015-02-04","2.59"
"2015-02-05","2.67"
"2015-02-06","2.74"
"2015-02-07","2.58"
"2015-02-08","2.48"
"2015-02-09","2.49"
"2015-02-10","2.38"
"2015-02-11","2.47"
"2015-02-12","2.56"
"2015-02-13","2.74"
"2015-02-14","2.70"
"2015-02-15","2.66"
"2015-02-16","2.87"
"2015-02-17","2.89"
"2015-02-18","2.84"
"2015-02-19","2.74"
"2015-02-20","2.83"
"2015-02-21","2.97"
"2015-02-22","2.92"
"2015-02-23","2.79"
"2015-02-24","2.86"
"2015-02-25","2.73"
"2015-02-26","2.77"
"2015-02-27","2.90"
"2015-02-28","2.84"
"2015-03-01","2.86"
"2015-03-02","3.06"
"2015-03-03","3.19"
"2015-03-04","3.34"
"2015-03-05","3.22"
"2015-03-06","3.06"
"2015-03-07","3.10"
"2015-03-08","3.06"
"2015-03-09","3.08"
"2015-03-10","3.09"
"2015-03-11","3.12"
"2015-03-12","3.28"
"2015-03-13","3.13"
"2015-03-14","3.20"
"2015-03-15","3.42"
"2015-03-16","3.37"
"2015-03-17","3.52"
"2015-03-18","3.41"
"2015-03-19","3.78"
"2015-03-20","3.97"
"2015-03-21","3.95"
"2015-03-22","4.13"
"2015-03-23","3.83"
"2015-03-24","3.79"
"2015-03-25","4.61"
"2015-03-26","4.71"
"2015-03-27","3.53"
"2015-03-28","3.28"
"2015-03-29","3.29"
"2015-03-30","4.06"
"2015-03-31","6.94"
"2015-04-01","7.62"
"2015-04-02","5.45"
"2015-04-03","4.39"
"2015-04-04","3.78"
"2015-04-05","3.50"
"2015-04-06","2.67"
"2015-04-07","2.32"
"2015-04-08","2.49"
"2015-04-09","2.59"
"2015-04-10","2.83"
"2015-04-11","2.86"
"2015-04-12","2.76"
"2015-04-13","3.55"
"2015-04-14","4.90"
"2015-04-15","6.05"
"2015-04-16","6.95"
"2015-04-17","7.35"
"2015-04-18","7.37"
"2015-04-19","7.59"
"2015-04-20","5.61"
"2015-04-21","4.60"
"2015-04-22","4.62"
"2015-04-23","5.05"
"2015-04-24","5.37"
"2015-04-25","6.14"
"2015-04-26","5.91"
"2015-04-27","8.10"
"2015-04-28","7.65"
"2015-04-29","5.90"
"2015-04-30","5.08"
"2015-05-01","5.30"
"2015-05-02","8.02"
"2015-05-03","11.29"
"2015-05-04","14.71"
"2015-05-05","16.44"
"2015-05-06","17.29"
"2015-05-07","15.73"
"2015-05-08","12.19"
"2015-05-09","10.63"
"2015-05-10","9.48"
"2015-05-11","9.42"
"2015-05-12","9.67"
"2015-05-13","10.01"
"2015-05-14","11.25"
"2015-05-15","12.33"
"2015-05-16","10.02"
"2015-05-17","7.53"
"2015-05-18","7.14"
"2015-05-19","6.93"
"2015-05-20","6.18"
"2015-05-21","6.36"
"2015-05-22","4.40"
"2015-05-23","3.45"
"2015-05-24","2.47"
"2015-05-25","2.14"
"2015-05-26","2.15"
"2015-05-27","1.74"
"2015-05-28","1.79"
"2015-05-29","2.41"
"2015-05-30","2.45"
"2015-05-31","2.65"
"2015-06-01","2.06"
"2015-06-02","1.99"
"2015-06-03","2.35"
"2015-06-04","2.57"
"2015-06-05","2.51"
"2015-06-06","2.39"
"2015-06-07","2.20"
"2015-06-08","2.19"
"2015-06-09","2.27"
"2015-06-10","2.68"
"2015-06-11","2.12"
"2015-06-12","2.33"
"2015-06-13","11.15"
"2015-06-14","14.31"
"2015-06-15","10.31"
"2015-06-16","9.39"
"2015-06-17","8.66"
"2015-06-18","7.14"
"2015-06-19","6.32"
"2015-06-20","5.16"
"2015-06-21","4.23"
"2015-06-22","3.60"
"2015-06-23","3.14"
"2015-06-24","2.60"
"2015-06-25","2.30"
"2015-06-26","2.19"
"2015-06-27","2.22"
"2015-06-28","2.20"
"2015-06-29","2.26"
"2015-06-30","2.21"
"2015-07-01","2.24"
"2015-07-02","2.37"
"2015-07-03","2.32"
"2015-07-04","2.28"
"2015-07-05","2.30"
"2015-07-06","2.20"
"2015-07-07","2.27"
"2015-07-08","2.23"
"2015-07-09","2.03"
"2015-07-10","2.11"
"2015-07-11","2.07"
"2015-07-12","2.11"
"2015-07-13","2.04"
"2015-07-14","2.10"
"2015-07-15","2.11"
"2015-07-16","2.11"
"2015-07-17","2.11"
"2015-07-18","2.16"
"2015-07-19","2.12"
"2015-07-20","2.18"
"2015-07-21","2.11"
"2015-07-22","2.17"
"2015-07-23","2.20"
"2015-07-24","2.22"
"2015-07-25","2.13"
"2015-07-26","2.01"
"2015-07-27","2.05"
"2015-07-28","2.04"
"2015-07-29","2.12"
"2015-07-30","2.08"
"2015-07-31","2.20"
"2015-08-01","2.32"
"2015-08-02","2.14"
"2015-08-03","2.14"
"2015-08-04","2.10"
"2015-08-05","2.15"
"2015-08-06","2.15"
"2015-08-07","2.11"
"2015-08-08","2.16"
"2015-08-09","2.22"
"2015-08-10","2.46"
"2015-08-11","2.04"
"2015-08-12","2.09"
"2015-08-13","2.15"
"2015-08-14","2.19"
"2015-08-15","2.30"
"2015-08-16","2.16"
"2015-08-17","2.07"
"2015-08-18","2.10"
"2015-08-19","2.07"
"2015-08-20","2.04"
"2015-08-21","2.08"
"2015-08-22","2.09"
"2015-08-23","2.25"
"2015-08-24","2.28"
"2015-08-25","2.03"
"2015-08-26","2.00"
"2015-08-27","2.04"
"2015-08-28","2.04"
"2015-08-29","2.01"
"2015-08-30","1.98"
"2015-08-31","2.01"
"2015-09-01","2.03"
"2015-09-02","2.02"
"2015-09-03","2.04"
"2015-09-04","2.05"
"2015-09-05","2.01"
"2015-09-06","1.89"
"2015-09-07","1.91"
"2015-09-08","2.01"
"2015-09-09","1.98"
"2015-09-10","2.04"
"2015-09-11","2.02"
"2015-09-12","2.01"
"2015-09-13","2.36"
"2015-09-14","2.09"
"2015-09-15","2.14"
"2015-09-16","2.62"
"2015-09-17","2.73"
"2015-09-18","2.60"
"2015-09-19","2.69"
"2015-09-20","2.66"
"2015-09-21","3.23"
"2015-09-22","3.36"
"2015-09-23","3.49"
"2015-09-24","3.46"
"2015-09-25","2.87"
"2015-09-26","2.60"
"2015-09-27","2.67"
"2015-09-28","2.69"
"2015-09-29","2.65"
"2015-09-30","2.53"
"2015-10-01","2.68"
"2015-10-02","3.20"
"2015-10-03","2.93"
"2015-10-04","3.17"
"2015-10-05","2.61"
"2015-10-06","2.68"
"2015-10-07","2.57"
"2015-10-08","2.52"
"2015-10-09","2.66"
"2015-10-10","2.64"
"2015-10-11","2.50"
"2015-10-12","2.55"
"2015-10-13","2.61"
"2015-10-14","2.65"
"2015-10-15","2.61"
"2015-10-16","2.60"
"2015-10-17","2.63"
"2015-10-18","2.65"
"2015-10-19","2.56"
"2015-10-20","2.52"
"2015-10-21","2.51"
"2015-10-22","2.45"
"2015-10-23","2.53"
"2015-10-24","2.54"
"2015-10-25","2.59"
"2015-10-26","2.57"
"2015-10-27","2.54"
"2015-10-28","2.82"
"2015-10-29","2.69"
"2015-10-30","2.48"
"2015-10-31","2.55"
"2015-11-01","2.44"
"2015-11-02","2.40"
"2015-11-03","2.70"
"2015-11-04","2.54"
"2015-11-05","2.51"
"2015-11-06","2.88"
"2015-11-07","2.57"
"2015-11-08","2.54"
"2015-11-09","2.43"
"2015-11-10","2.47"
"2015-11-11","2.47"
"2015-11-12","2.48"
"2015-11-13","2.45"
"2015-11-14","2.46"
"2015-11-15","2.53"
"2015-11-16","2.42"
"2015-11-17","2.43"
"2015-11-18","2.45"
"2015-11-19","2.51"
"2015-11-20","2.56"
"2015-11-21","2.56"
"2015-11-22","2.49"
"2015-11-23","2.59"
"2015-11-24","2.53"
"2015-11-25","2.62"
"2015-11-26","2.55"
"2015-11-27","2.58"
"2015-11-28","2.59"
"2015-11-29","2.59"
"2015-11-30","2.60"
"2015-12-01","2.73"
"2015-12-02","2.13"
"2015-12-03","2.19"
"2015-12-04","2.29"
"2015-12-05","2.35"
"2015-12-06","2.30"
"2015-12-07","2.31"
"2015-12-08","2.27"
"2015-12-09","2.24"
"2015-12-10","2.25"
"2015-12-11","2.24"
"2015-12-12","2.26"
"2015-12-13","2.26"
"2015-12-14","2.24"
"2015-12-15","2.22"
"2015-12-16","2.21"
"2015-12-17","2.23"
"2015-12-18","2.25"
"2015-12-19","2.26"
"2015-12-20","2.20"
"2015-12-21","2.24"
"2015-12-22","2.21"
"2015-12-23","2.25"
"2015-12-24","2.23"
"2015-12-25","2.21"
"2015-12-26","2.20"
"2015-12-27","2.10"
"2015-12-28","2.16"
"2015-12-29","2.13"
"2015-12-30","2.23"
"2015-12-31","2.20"
"2016-01-01","1.85"
"2016-01-02","1.85"
"2016-01-03","1.85"
"2016-01-04","1.85"
"2016-01-05","1.87"
"2016-01-06","1.88"
"2016-01-07","1.84"
"2016-01-08","1.90"
"2016-01-09","1.90"
"2016-01-10","1.89"
"2016-01-11","1.93"
"2016-01-12","1.87"
"2016-01-13","1.75"
"2016-01-14","1.83"
"2016-01-15","1.80"
"2016-01-16","1.73"
"2016-01-17","1.76"
"2016-01-18","1.81"
"2016-01-19","1.80"
"2016-01-20","1.76"
"2016-01-21","1.84"
"2016-01-22","2.03"
"2016-01-23","2.17"
"2016-01-24","1.78"
"2016-01-25","1.96"
"2016-01-26","1.96"
"2016-01-27","1.80"
"2016-01-28","1.81"
"2016-01-29","1.81"
"2016-01-30","1.80"
"2016-01-31","1.77"
"2016-02-01","1.65"
"2016-02-02","1.78"
"2016-02-03","1.73"
"2016-02-04","1.67"
"2016-02-05","1.65"
"2016-02-06","1.80"
"2016-02-07","1.80"
"2016-02-08","1.73"
"2016-02-09","1.88"
"2016-02-10","1.85"
"2016-02-11","1.73"
"2016-02-12","1.82"
"2016-02-13","1.81"
"2016-02-14","1.87"
"2016-02-15","1.80"
"2016-02-16","1.91"
"2016-02-17","1.89"
"2016-02-18","1.85"
"2016-02-19","1.71"
"2016-02-20","1.67"
"2016-02-21","1.72"
"2016-02-22","2.15"
"2016-02-23","1.84"
"2016-02-24","1.73"
"2016-02-25","1.81"
"2016-02-26","1.79"
"2016-02-27","1.87"
"2016-02-28","2.08"
"2016-02-29","3.17"
"2016-03-01","2.18"
"2016-03-02","2.12"
"2016-03-03","2.00"
"2016-03-04","2.07"
"2016-03-05","2.15"
"2016-03-06","1.95"
"2016-03-07","1.92"
"2016-03-08","1.90"
"2016-03-09","1.93"
"2016-03-10","1.89"
"2016-03-11","1.89"
"2016-03-12","1.93"
"2016-03-13","2.12"
"2016-03-14","2.07"
"2016-03-15","1.91"
"2016-03-16","2.19"
"2016-03-17","2.12"
"2016-03-18","1.91"
"2016-03-19","2.01"
"2016-03-20","2.09"
"2016-03-21","2.24"
"2016-03-22","2.13"
"2016-03-23","2.17"
"2016-03-24","2.08"
"2016-03-25","2.11"
"2016-03-26","2.00"
"2016-03-27","2.16"
"2016-03-28","2.18"
"2016-03-29","2.09"
"2016-03-30","2.20"
"2016-03-31","2.27"
"2016-04-01","2.46"
"2016-04-02","2.50"
"2016-04-03","2.47"
"2016-04-04","2.55"
"2016-04-05","2.61"
"2016-04-06","2.81"
"2016-04-07","3.60"
"2016-04-08","3.92"
"2016-04-09","2.70"
"2016-04-10","2.21"
"2016-04-11","2.11"
"2016-04-12","2.17"
"2016-04-13","2.23"
"2016-04-14","2.07"
"2016-04-15","2.02"
"2016-04-16","2.15"
"2016-04-17","2.77"
"2016-04-18","3.73"
"2016-04-19","2.00"
"2016-04-20","1.94"
"2016-04-21","2.05"
"2016-04-22","1.97"
"2016-04-23","2.01"
"2016-04-24","1.96"
"2016-04-25","1.80"
"2016-04-26","1.88"
"2016-04-27","1.83"
"2016-04-28","1.89"
"2016-04-29","1.96"
"2016-04-30","1.98"
"2016-05-01","2.09"
"2016-05-02","1.93"
"2016-05-03","1.82"
"2016-05-04","1.80"
"2016-05-05","2.10"
"2016-05-06","2.32"
"2016-05-07","2.45"
"2016-05-08","2.52"
"2016-05-09","2.65"
"2016-05-10","2.70"
"2016-05-11","8.48"
"2016-05-12","7.08"
"2016-05-13","5.75"
"2016-05-14","4.61"
"2016-05-15","4.24"
"2016-05-16","3.67"
"2016-05-17","3.40"
"2016-05-18","3.00"
"2016-05-19","2.70"
"2016-05-20","2.40"
"2016-05-21","2.31"
"2016-05-22","2.43"
"2016-05-23","2.64"
"2016-05-24","2.29"
"2016-05-25","2.33"
"2016-05-26","2.33"
"2016-05-27","2.31"
"2016-05-28","2.37"
"2016-05-29","2.44"
"2016-05-30","2.27"
"2016-05-31","2.34"
"2016-06-01","2.61"
"2016-06-02","2.66"
"2016-06-03","2.60"
"2016-06-04","2.72"
"2016-06-05","2.72"
"2016-06-06","2.65"
"2016-06-07","2.61"
"2016-06-08","2.58"
"2016-06-09","2.60"
"2016-06-10","2.63"
"2016-06-11","2.56"
"2016-06-12","2.51"
"2016-06-13","2.04"
"2016-06-14","1.79"
"2016-06-15","1.84"
"2016-06-16","1.99"
"2016-06-17","1.76"
"2016-06-18","1.92"
"2016-06-19","1.76"
"2016-06-20","1.63"
"2016-06-21","1.70"
"2016-06-22","1.66"
"2016-06-23","1.67"
"2016-06-24","1.75"
"2016-06-25","1.83"
"2016-06-26","1.72"
"2016-06-27","1.62"
"2016-06-28","1.72"
"2016-06-29","1.72"
"2016-06-30","1.72"
"2016-07-01","1.77"
"2016-07-02","1.63"
"2016-07-03","1.55"
"2016-07-04","1.77"
"2016-07-05","1.79"
"2016-07-06","1.61"
"2016-07-07","1.74"
"2016-07-08","1.70"
"2016-07-09","1.60"
"2016-07-10","1.70"
"2016-07-11","1.82"
"2016-07-12","1.85"
"2016-07-13","1.64"
"2016-07-14","1.71"
"2016-07-15","1.71"
"2016-07-16","1.63"
"2016-07-17","1.56"
"2016-07-18","1.66"
"2016-07-19","1.69"
"2016-07-20","1.65"
"2016-07-21","1.70"
"2016-07-22","1.83"
"2016-07-23","2.32"
"2016-07-24","1.84"
"2016-07-25","1.59"
"2016-07-26","1.86"
"2016-07-27","2.01"
"2016-07-28","1.80"
"2016-07-29","1.78"
"2016-07-30","1.71"
"2016-07-31","1.87"
"2016-08-01","1.71"
"2016-08-02","1.85"
"2016-08-03","1.75"
"2016-08-04","1.78"
"2016-08-05","1.71"
"2016-08-06","1.60"
"2016-08-07","1.58"
"2016-08-08","1.59"
"2016-08-09","1.67"
"2016-08-10","1.60"
"2016-08-11","1.62"
"2016-08-12","1.61"
"2016-08-13","1.59"
"2016-08-14","1.65"
"2016-08-15","1.62"
"2016-08-16","1.69"
"2016-08-17","1.66"
"2016-08-18","1.69"
"2016-08-19","1.70"
"2016-08-20","1.76"
"2016-08-21","1.60"
"2016-08-22","1.53"
"2016-08-23","1.57"
"2016-08-24","1.59"
"2016-08-25","1.72"
"2016-08-26","1.70"
"2016-08-27","1.63"
"2016-08-28","1.62"
"2016-08-29","1.66"
"2016-08-30","1.86"
"2016-08-31","1.68"
"2016-09-01","1.64"
"2016-09-02","1.71"
"2016-09-03","1.68"
"2016-09-04","1.66"
"2016-09-05","1.55"
"2016-09-06","1.53"
"2016-09-07","1.49"
"2016-09-08","1.55"
"2016-09-09","1.52"
"2016-09-10","1.52"
"2016-09-11","1.50"
"2016-09-12","1.83"
"2016-09-13","1.66"
"2016-09-14","1.65"
"2016-09-15","1.97"
"2016-09-16","2.02"
"2016-09-17","2.52"
"2016-09-18","2.41"
"2016-09-19","2.21"
"2016-09-20","2.18"
"2016-09-21","2.30"
"2016-09-22","2.20"
"2016-09-23","2.21"
"2016-09-24","2.30"
"2016-09-25","2.16"
"2016-09-26","2.11"
"2016-09-27","2.20"
"2016-09-28","2.08"
"2016-09-29","2.16"
"2016-09-30","2.14"
"2016-10-01","2.21"
"2016-10-02","2.19"
"2016-10-03","2.13"
"2016-10-04","2.19"
"2016-10-05","2.12"
"2016-10-06","2.29"
"2016-10-07","2.14"
"2016-10-08","2.19"
"2016-10-09","2.22"
"2016-10-10","2.19"
"2016-10-11","2.33"
"2016-10-12","2.20"
"2016-10-13","2.53"
"2016-10-14","2.79"
"2016-10-15","2.45"
"2016-10-16","2.15"
"2016-10-17","2.20"
"2016-10-18","2.25"
"2016-10-19","2.25"
"2016-10-20","2.24"
"2016-10-21","2.28"
"2016-10-22","2.21"
"2016-10-23","2.28"
"2016-10-24","2.21"
"2016-10-25","2.33"
"2016-10-26","2.36"
"2016-10-27","2.33"
"2016-10-28","2.26"
"2016-10-29","2.23"
"2016-10-30","2.18"
"2016-10-31","2.28"
"2016-11-01","2.29"
"2016-11-02","2.25"
"2016-11-03","2.17"
"2016-11-04","2.33"
"2016-11-05","2.62"
"2016-11-06","3.78"
"2016-11-07","2.27"
"2016-11-08","2.18"
"2016-11-09","2.27"
"2016-11-10","2.20"
"2016-11-11","2.24"
"2016-11-12","2.22"
"2016-11-13","2.22"
"2016-11-14","2.28"
"2016-11-15","2.26"
"2016-11-16","2.25"
"2016-11-17","2.27"
"2016-11-18","2.35"
"2016-11-19","2.46"
"2016-11-20","2.40"
"2016-11-21","2.55"
"2016-11-22","2.51"
"2016-11-23","2.68"
"2016-11-24","24.65"
"2016-11-25","66.65"
"2016-11-26","18.85"
"2016-11-27","10.55"
"2016-11-28","7.38"
"2016-11-29","5.94"
"2016-11-30","4.49"
"2016-12-01","3.55"
"2016-12-02","3.07"
"2016-12-03","2.90"
"2016-12-04","2.73"
"2016-12-05","2.71"
"2016-12-06","2.66"
"2016-12-07","2.56"
"2016-12-08","2.59"
"2016-12-09","2.55"
"2016-12-10","2.59"
"2016-12-11","2.57"
"2016-12-12","2.54"
"2016-12-13","2.51"
"2016-12-14","2.59"
"2016-12-15","2.55"
"2016-12-16","2.49"
"2016-12-17","2.46"
"2016-12-18","2.48"
"2016-12-19","2.57"
"2016-12-20","2.69"
"2016-12-21","2.68"
"2016-12-22","2.59"
"2016-12-23","2.53"
"2016-12-24","2.52"
"2016-12-25","2.55"
"2016-12-26","2.69"
"2016-12-27","2.64"
"2016-12-28","2.63"
"2016-12-29","2.63"
"2016-12-30","2.61"
"2016-12-31","2.56"
"2017-01-01","1.78"
"2017-01-02","1.80"
"2017-01-03","1.73"
"2017-01-04","1.74"
"2017-01-05","1.76"
"2017-01-06","1.72"
"2017-01-07","1.72"
"2017-01-08","1.72"
"2017-01-09","1.65"
"2017-01-10","1.72"
"2017-01-11","1.69"
"2017-01-12","1.69"
"2017-01-13","1.69"
"2017-01-14","1.63"
"2017-01-15","1.60"
"2017-01-16","1.61"
"2017-01-17","1.64"
"2017-01-18","1.58"
"2017-01-19","1.61"
"2017-01-20","1.63"
"2017-01-21","1.60"
"2017-01-22","1.61"
"2017-01-23","1.59"
"2017-01-24","1.57"
"2017-01-25","1.61"
"2017-01-26","1.58"
"2017-01-27","1.58"
"2017-01-28","1.65"
"2017-01-29","1.58"
"2017-01-30","1.64"
"2017-01-31","1.62"
"2017-02-01","1.59"
"2017-02-02","1.62"
"2017-02-03","1.69"
"2017-02-04","1.69"
"2017-02-05","1.75"
"2017-02-06","1.68"
"2017-02-07","1.66"
"2017-02-08","1.72"
"2017-02-09","1.79"
"2017-02-10","1.72"
"2017-02-11","1.63"
"2017-02-12","1.68"
"2017-02-13","1.69"
"2017-02-14","1.75"
"2017-02-15","1.70"
"2017-02-16","1.71"
"2017-02-17","1.73"
"2017-02-18","1.74"
"2017-02-19","1.70"
"2017-02-20","1.69"
"2017-02-21","1.62"
"2017-02-22","1.70"
"2017-02-23","1.77"
"2017-02-24","1.73"
"2017-02-25","1.70"
"2017-02-26","1.65"
"2017-02-27","1.62"
"2017-02-28","1.69"
"2017-03-01","1.53"
"2017-03-02","1.55"
"2017-03-03","1.63"
"2017-03-04","1.80"
"2017-03-05","1.65"
"2017-03-06","1.67"
"2017-03-07","1.53"
"2017-03-08","1.56"
"2017-03-09","1.57"
"2017-03-10","1.50"
"2017-03-11","1.54"
"2017-03-12","1.56"
"2017-03-13","1.58"
"2017-03-14","1.55"
"2017-03-15","1.53"
"2017-03-16","1.55"
"2017-03-17","1.53"
"2017-03-18","1.55"
"2017-03-19","1.49"
"2017-03-20","1.55"
"2017-03-21","1.63"
"2017-03-22","1.61"
"2017-03-23","1.67"
"2017-03-24","1.84"
"2017-03-25","2.35"
"2017-03-26","4.42"
"2017-03-27","2.14"
"2017-03-28","1.96"
"2017-03-29","1.81"
"2017-03-30","1.79"
"2017-03-31","1.79"
"2017-04-01","1.89"
"2017-04-02","2.41"
"2017-04-03","2.49"
"2017-04-04","2.64"
"2017-04-05","3.03"
"2017-04-06","2.88"
"2017-04-07","2.63"
"2017-04-08","2.63"
"2017-04-09","2.69"
"2017-04-10","2.64"
"2017-04-11","2.63"
"2017-04-12","3.09"
"2017-04-13","3.55"
"2017-04-14","3.93"
"2017-04-15","4.16"
"2017-04-16","3.72"
"2017-04-17","3.64"
"2017-04-18","3.49"
"2017-04-19","2.81"
"2017-04-20","2.34"
"2017-04-21","2.23"
"2017-04-22","2.29"
"2017-04-23","2.38"
"2017-04-24","2.49"
"2017-04-25","2.45"
"2017-04-26","2.52"
"2017-04-27","2.47"
"2017-04-28","2.36"
"2017-04-29","2.30"
"2017-04-30","2.36"
"2017-05-01","2.49"
"2017-05-02","2.38"
"2017-05-03","2.47"
"2017-05-04","2.47"
"2017-05-05","2.33"
"2017-05-06","2.65"
"2017-05-07","2.47"
"2017-05-08","2.35"
"2017-05-09","2.26"
"2017-05-10","2.49"
"2017-05-11","2.58"
"2017-05-12","2.60"
"2017-05-13","2.48"
"2017-05-14","2.37"
"2017-05-15","2.31"
"2017-05-16","2.68"
"2017-05-17","4.48"
"2017-05-18","4.96"
"2017-05-19","5.37"
"2017-05-20","4.80"
"2017-05-21","4.01"
"2017-05-22","4.08"
"2017-05-23","3.96"
"2017-05-24","4.38"
"2017-05-25","5.10"
"2017-05-26","5.34"
"2017-05-27","5.04"
"2017-05-28","4.92"
"2017-05-29","5.76"
"2017-05-30","5.78"
"2017-05-31","5.56"
"2017-06-01","4.90"
"2017-06-02","4.27"
"2017-06-03","3.71"
"2017-06-04","3.80"
"2017-06-05","3.52"
"2017-06-06","2.71"
"2017-06-07","2.17"
"2017-06-08","1.97"
"2017-06-09","1.85"
"2017-06-10","1.69"
"2017-06-11","1.67"
"2017-06-12","1.69"
"2017-06-13","1.77"
"2017-06-14","2.08"
"2017-06-15","2.44"
"2017-06-16","2.39"
"2017-06-17","3.12"
"2017-06-18","2.92"
"2017-06-19","2.72"
"2017-06-20","2.37"
"2017-06-21","2.54"
"2017-06-22","2.44"
"2017-06-23","2.58"
"2017-06-24","2.43"
"2017-06-25","2.45"
"2017-06-26","2.75"
"2017-06-27","2.54"
"2017-06-28","2.57"
"2017-06-29","2.50"
"2017-06-30","2.32"
"2017-07-01","2.39"
"2017-07-02","2.35"
"2017-07-03","2.37"
"2017-07-04","2.46"
"2017-07-05","2.39"
"2017-07-06","2.37"
"2017-07-07","2.34"
"2017-07-08","2.40"
"2017-07-09","2.38"
"2017-07-10","2.43"
"2017-07-11","2.48"
"2017-07-12","2.43"
"2017-07-13","2.25"
"2017-07-14","2.36"
"2017-07-15","2.38"
"2017-07-16","2.29"
"2017-07-17","2.33"
"2017-07-18","2.32"
"2017-07-19","2.41"
"2017-07-20","2.40"
"2017-07-21","2.50"
"2017-07-22","2.34"
"2017-07-23","2.38"
"2017-07-24","2.31"
"2017-07-25","2.19"
"2017-07-26","2.25"
"2017-07-27","2.25"
"2017-07-28","2.32"
"2017-07-29","2.50"
"2017-07-30","2.63"
"2017-07-31","2.45"
"2017-08-01","2.42"
"2017-08-02","2.45"
"2017-08-03","2.35"
"2017-08-04","2.29"
"2017-08-05","2.33"
"2017-08-06","2.31"
"2017-08-07","2.32"
"2017-08-08","2.47"
"2017-08-09","2.41"
"2017-08-10","2.46"
"2017-08-11","2.42"
"2017-08-12","2.24"
"2017-08-13","2.22"
"2017-08-14","2.64"
"2017-08-15","3.23"
"2017-08-16","3.11"
"2017-08-17","2.72"
"2017-08-18","2.54"
"2017-08-19","2.44"
"2017-08-20","2.34"
"2017-08-21","2.39"
"2017-08-22","2.53"
"2017-08-23","2.60"
"2017-08-24","2.64"
"2017-08-25","2.64"
"2017-08-26","2.66"
"2017-08-27","2.80"
"2017-08-28","2.85"
"2017-08-29","2.85"
"2017-08-30","2.93"
"2017-08-31","3.06"
"2017-09-01","2.91"
"2017-09-02","2.82"
"2017-09-03","2.71"
"2017-09-04","2.82"
"2017-09-05","2.83"
"2017-09-06","2.83"
"2017-09-07","2.86"
"2017-09-08","2.86"
"2017-09-09","2.95"
"2017-09-10","2.85"
"2017-09-11","2.81"
"2017-09-12","2.77"
"2017-09-13","2.83"
"2017-09-14","2.88"
"2017-09-15","2.85"
"2017-09-16","2.80"
"2017-09-17","2.82"
"2017-09-18","2.86"
"2017-09-19","2.82"
"2017-09-20","2.75"
"2017-09-21","2.69"
"2017-09-22","2.79"
"2017-09-23","2.89"
"2017-09-24","2.82"
"2017-09-25","2.85"
"2017-09-26","2.94"
"2017-09-27","2.81"
"2017-09-28","2.76"
"2017-09-29","2.85"
"2017-09-30","2.88"
"2017-10-01","2.54"
"2017-10-02","2.53"
"2017-10-03","2.58"
"2017-10-04","2.59"
"2017-10-05","2.51"
"2017-10-06","2.40"
"2017-10-07","2.43"
"2017-10-08","2.42"
"2017-10-09","2.56"
"2017-10-10","2.59"
"2017-10-11","2.62"
"2017-10-12","2.62"
"2017-10-13","2.67"
"2017-10-14","2.68"
"2017-10-15","2.69"
"2017-10-16","2.65"
"2017-10-17","2.64"
"2017-10-18","2.73"
"2017-10-19","2.77"
"2017-10-20","2.76"
"2017-10-21","2.82"
"2017-10-22","2.70"
"2017-10-23","2.58"
"2017-10-24","2.60"
"2017-10-25","2.66"
"2017-10-26","2.54"
"2017-10-27","2.61"
"2017-10-28","2.61"
"2017-10-29","2.50"
"2017-10-30","2.63"
"2017-10-31","2.62"
"2017-11-01","2.72"
"2017-11-02","2.87"
"2017-11-03","2.75"
"2017-11-04","2.85"
"2017-11-05","3.09"
"2017-11-06","3.11"
"2017-11-07","3.05"
"2017-11-08","2.99"
"2017-11-09","2.92"
"2017-11-10","2.87"
"2017-11-11","2.82"
"2017-11-12","2.74"
"2017-11-13","2.74"
"2017-11-14","2.69"
"2017-11-15","2.71"
"2017-11-16","2.66"
"2017-11-17","2.67"
"2017-11-18","2.61"
"2017-11-19","2.63"
"2017-11-20","2.71"
"2017-11-21","2.72"
"2017-11-22","2.73"
"2017-11-23","2.76"
"2017-11-24","2.74"
"2017-11-25","2.71"
"2017-11-26","2.65"
"2017-11-27","2.67"
"2017-11-28","2.74"
"2017-11-29","2.73"
"2017-11-30","2.63"
"2017-12-01","2.72"
"2017-12-02","2.84"
"2017-12-03","2.76"
"2017-12-04","2.72"
"2017-12-05","2.60"
"2017-12-06","2.66"
"2017-12-07","2.69"
"2017-12-08","2.78"
"2017-12-09","2.75"
"2017-12-10","2.75"
"2017-12-11","2.91"
"2017-12-12","2.79"
"2017-12-13","2.79"
"2017-12-14","2.77"
"2017-12-15","2.77"
"2017-12-16","2.75"
"2017-12-17","2.72"
"2017-12-18","2.74"
"2017-12-19","2.77"
"2017-12-20","2.74"
"2017-12-21","2.82"
"2017-12-22","2.68"
"2017-12-23","2.67"
"2017-12-24","2.65"
"2017-12-25","2.81"
"2017-12-26","2.84"
"2017-12-27","2.91"
"2017-12-28","2.87"
"2017-12-29","2.75"
"2017-12-30","2.85"
"2017-12-31","2.89"
"2018-01-01","3.05"
"2018-01-02","2.87"
"2018-01-03","2.93"
"2018-01-04","3.01"
"2018-01-05","3.11"
"2018-01-06","3.04"
"2018-01-07","3.10"
"2018-01-08","3.73"
"2018-01-09","3.87"
"2018-01-10","3.29"
"2018-01-11","3.13"
"2018-01-12","3.06"
"2018-01-13","2.98"
"2018-01-14","2.98"
"2018-01-15","3.00"
"2018-01-16","2.98"
"2018-01-17","2.92"
"2018-01-18","2.96"
"2018-01-19","2.95"
"2018-01-20","2.94"
"2018-01-21","2.96"
"2018-01-22","2.98"
"2018-01-23","2.93"
"2018-01-24","3.08"
"2018-01-25","3.00"
"2018-01-26","3.06"
"2018-01-27","3.02"
"2018-01-28","2.91"
"2018-01-29","2.78"
"2018-01-30","2.94"
"2018-01-31","2.97"
"2018-02-01","3.00"
"2018-02-02","2.92"
"2018-02-03","2.89"
"2018-02-04","2.87"
"2018-02-05","2.96"
"2018-02-06","3.00"
"2018-02-07","2.92"
"2018-02-08","2.88"
"2018-02-09","2.90"
"2018-02-10","2.83"
"2018-02-11","2.88"
"2018-02-12","2.95"
"2018-02-13","2.83"
"2018-02-14","2.78"
"2018-02-15","2.83"
"2018-02-16","2.88"
"2018-02-17","2.93"
"2018-02-18","2.87"
"2018-02-19","2.92"
"2018-02-20","2.84"
"2018-02-21","2.95"
"2018-02-22","2.94"
"2018-02-23","2.99"
"2018-02-24","3.09"
"2018-02-25","3.07"
"2018-02-26","2.91"
"2018-02-27","2.90"
"2018-02-28","2.94"
"2018-03-01","2.94"
"2018-03-02","2.89"
"2018-03-03","3.00"
"2018-03-04","2.98"
"2018-03-05","3.00"
"2018-03-06","2.94"
"2018-03-07","2.96"
"2018-03-08","2.93"
"2018-03-09","2.90"
"2018-03-10","3.16"
"2018-03-11","3.83"
"2018-03-12","3.59"
"2018-03-13","3.35"
"2018-03-14","3.27"
"2018-03-15","3.59"
"2018-03-16","3.43"
"2018-03-17","3.50"
"2018-03-18","3.53"
"2018-03-19","3.40"
"2018-03-20","3.32"
"2018-03-21","3.26"
"2018-03-22","3.13"
"2018-03-23","3.08"
"2018-03-24","3.22"
"2018-03-25","3.13"
"2018-03-26","3.07"
"2018-03-27","3.03"
"2018-03-28","3.15"
"2018-03-29","3.24"
"2018-03-30","3.35"
"2018-03-31","3.32"
"2018-04-01","3.09"
"2018-04-02","3.14"
"2018-04-03","3.32"
"2018-04-04","3.39"
"2018-04-05","3.26"
"2018-04-06","3.23"
"2018-04-07","3.36"
"2018-04-08","3.63"
"2018-04-09","4.90"
"2018-04-10","3.95"
"2018-04-11","4.00"
"2018-04-12","4.83"
"2018-04-13","4.65"
"2018-04-14","4.07"
"2018-04-15","3.88"
"2018-04-16","3.67"
"2018-04-17","3.70"
"2018-04-18","4.66"
"2018-04-19","5.39"
"2018-04-20","6.30"
"2018-04-21","6.92"
"2018-04-22","8.54"
"2018-04-23","10.17"
"2018-04-24","11.01"
"2018-04-25","11.12"
"2018-04-26","11.91"
"2018-04-27","13.04"
"2018-04-28","12.19"
"2018-04-29","11.63"
"2018-04-30","11.13"
"2018-05-01","9.14"
"2018-05-02","7.49"
"2018-05-03","11.49"
"2018-05-04","61.33"
"2018-05-05","48.49"
"2018-05-06","36.57"
"2018-05-07","35.81"
"2018-05-08","31.85"
"2018-05-09","26.75"
"2018-05-10","24.71"
"2018-05-11","23.77"
"2018-05-12","21.61"
"2018-05-13","20.84"
"2018-05-14","19.73"
"2018-05-15","16.11"
"2018-05-16","13.03"
"2018-05-17","12.09"
"2018-05-18","11.34"
"2018-05-19","11.56"
"2018-05-20","11.45"
"2018-05-21","11.04"
"2018-05-22","16.15"
"2018-05-23","15.56"
"2018-05-24","13.82"
"2018-05-25","13.97"
"2018-05-26","16.97"
"2018-05-27","17.01"
"2018-05-28","19.35"
"2018-05-29","21.83"
"2018-05-30","23.93"
"2018-05-31","22.86"
"2018-06-01","19.45"
"2018-06-02","18.00"
"2018-06-03","17.01"
"2018-06-04","21.46"
"2018-06-05","20.64"
"2018-06-06","18.47"
"2018-06-07","19.50"
"2018-06-08","24.54"
"2018-06-09","22.06"
"2018-06-10","20.88"
"2018-06-11","19.96"
"2018-06-12","18.57"
"2018-06-13","16.52"
"2018-06-14","14.37"
"2018-06-15","13.10"
"2018-06-16","12.51"
"2018-06-17","12.07"
"2018-06-18","10.66"
"2018-06-19","9.56"
"2018-06-20","8.96"
"2018-06-21","8.17"
"2018-06-22","7.67"
"2018-06-23","7.01"
"2018-06-24","7.47"
"2018-06-25","6.05"
"2018-06-26","5.20"
"2018-06-27","4.59"
"2018-06-28","4.17"
"2018-06-29","3.67"
"2018-06-30","3.27"
"2018-07-01","3.19"
"2018-07-02","3.02"
"2018-07-03","2.57"
"2018-07-04","2.31"
"2018-07-05","2.29"
"2018-07-06","2.17"
"2018-07-07","2.10"
"2018-07-08","2.09"
"2018-07-09","2.28"
"2018-07-10","2.37"
"2018-07-11","2.22"
"2018-07-12","2.16"
"2018-07-13","2.07"
"2018-07-14","2.09"
"2018-07-15","2.04"
"2018-07-16","2.14"
"2018-07-17","2.03"
"2018-07-18","1.85"
"2018-07-19","1.87"
"2018-07-20","1.91"
"2018-07-21","2.06"
"2018-07-22","2.05"
"2018-07-23","1.89"
"2018-07-24","1.91"
"2018-07-25","1.98"
"2018-07-26","1.96"
"2018-07-27","1.92"
"2018-07-28","1.99"
"2018-07-29","1.96"
"2018-07-30","1.91"
"2018-07-31","1.96"
"2018-08-01","2.08"
"2018-08-02","1.84"
"2018-08-03","1.84"
"2018-08-04","1.96"
"2018-08-05","1.96"
"2018-08-06","2.11"
"2018-08-07","2.26"
"2018-08-08","2.26"
"2018-08-09","2.14"
"2018-08-10","1.96"
"2018-08-11","1.86"
"2018-08-12","1.93"
"2018-08-13","2.01"
"2018-08-14","1.89"
"2018-08-15","1.85"
"2018-08-16","1.91"
"2018-08-17","2.06"
"2018-08-18","2.00"
"2018-08-19","1.96"
"2018-08-20","2.02"
"2018-08-21","1.97"
"2018-08-22","1.99"
"2018-08-23","2.05"
"2018-08-24","1.93"
"2018-08-25","1.91"
"2018-08-26","1.78"
"2018-08-27","1.77"
"2018-08-28","1.82"
"2018-08-29","1.76"
"2018-08-30","1.84"
"2018-08-31","2.16"
"2018-09-01","2.36"
"2018-09-02","2.05"
"2018-09-03","1.98"
"2018-09-04","1.99"
"2018-09-05","1.95"
"2018-09-06","2.11"
"2018-09-07","1.92"
"2018-09-08","1.96"
"2018-09-09","1.95"
"2018-09-10","1.92"
"2018-09-11","1.89"
"2018-09-12","1.89"
"2018-09-13","2.00"
"2018-09-14","1.94"
"2018-09-15","1.91"
"2018-09-16","1.99"
"2018-09-17","2.29"
"2018-09-18","1.90"
"2018-09-19","1.91"
"2018-09-20","1.86"
"2018-09-21","1.87"
"2018-09-22","1.83"
"2018-09-23","1.77"
"2018-09-24","1.77"
"2018-09-25","1.82"
"2018-09-26","1.81"
"2018-09-27","1.78"
"2018-09-28","1.82"
"2018-09-29","1.95"
"2018-09-30","2.00"
"2018-10-01","2.15"
"2018-10-02","1.84"
"2018-10-03","1.76"
"2018-10-04","1.75"
"2018-10-05","1.70"
"2018-10-06","1.79"
"2018-10-07","1.79"
"2018-10-08","1.83"
"2018-10-09","1.81"
"2018-10-10","1.95"
"2018-10-11","4.09"
"2018-10-12","1.84"
"2018-10-13","1.83"
"2018-10-14","1.90"
"2018-10-15","1.86"
"2018-10-16","1.90"
"2018-10-17","1.91"
"2018-10-18","2.16"
"2018-10-19","1.74"
"2018-10-20","1.81"
"2018-10-21","1.78"
"2018-10-22","1.77"
"2018-10-23","1.64"
"2018-10-24","1.61"
"2018-10-25","1.63"
"2018-10-26","1.74"
"2018-10-27","1.88"
"2018-10-28","1.92"
"2018-10-29","3.48"
"2018-10-30","2.66"
"2018-10-31","2.06"
"2018-11-01","3.00"
"2018-11-02","2.34"
"2018-11-03","2.45"
"2018-11-04","18.01"
"2018-11-05","28.41"
"2018-11-06","37.52"
"2018-11-07","20.09"
"2018-11-08","12.31"
"2018-11-09","8.75"
"2018-11-10","5.96"
"2018-11-11","5.10"
"2018-11-12","4.11"
"2018-11-13","3.42"
"2018-11-14","2.61"
"2018-11-15","2.34"
"2018-11-16","2.17"
"2018-11-17","2.08"
"2018-11-18","2.06"
"2018-11-19","2.09"
"2018-11-20","2.03"
"2018-11-21","2.03"
"2018-11-22","1.97"
"2018-11-23","2.12"
"2018-11-24","2.32"
"2018-11-25","2.42"
"2018-11-26","2.10"
"2018-11-27","2.05"
"2018-11-28","1.98"
"2018-11-29","2.06"
"2018-11-30","2.16"
"2018-12-01","2.10"
"2018-12-02","2.06"
"2018-12-03","1.98"
"2018-12-04","1.98"
"2018-12-05","1.95"
"2018-12-06","1.95"
"2018-12-07","1.96"
"2018-12-08","1.98"
"2018-12-09","1.90"
"2018-12-10","1.91"
"2018-12-11","1.95"
"2018-12-12","1.84"
"2018-12-13","1.94"
"2018-12-14","1.94"
"2018-12-15","1.99"
"2018-12-16","2.00"
"2018-12-17","1.92"
"2018-12-18","1.91"
"2018-12-19","1.95"
"2018-12-20","1.95"
"2018-12-21","1.96"
"2018-12-22","1.96"
"2018-12-23","1.88"
"2018-12-24","1.81"
"2018-12-25","1.86"
"2018-12-26","1.87"
"2018-12-27","1.89"
"2018-12-28","1.79"
"2018-12-29","1.74"
"2018-12-30","1.70"
"2018-12-31","1.74"
"2019-01-01","2.42"
"2019-01-02","2.34"
"2019-01-03","2.33"
"2019-01-04","2.27"
"2019-01-05","2.31"
"2019-01-06","2.24"
"2019-01-07","2.23"
"2019-01-08","2.35"
"2019-01-09","2.29"
"2019-01-10","2.22"
"2019-01-11","2.26"
"2019-01-12","2.24"
"2019-01-13","2.14"
"2019-01-14","2.10"
"2019-01-15","2.22"
"2019-01-16","2.20"
"2019-01-17","2.31"
"2019-01-18","2.24"
"2019-01-19","2.34"
"2019-01-20","2.39"
"2019-01-21","2.36"
"2019-01-22","2.32"
"2019-01-23","2.36"
"2019-01-24","2.40"
"2019-01-25","2.29"
"2019-01-26","2.28"
"2019-01-27","2.31"
"2019-01-28","2.24"
"2019-01-29","2.18"
"2019-01-30","2.37"
"2019-01-31","2.32"
"2019-02-01","2.47"
"2019-02-02","2.49"
"2019-02-03","2.40"
"2019-02-04","2.26"
"2019-02-05","2.20"
"2019-02-06","2.16"
"2019-02-07","2.29"
"2019-02-08","2.19"
"2019-02-09","2.22"
"2019-02-10","2.30"
"2019-02-11","2.29"
"2019-02-12","2.26"
"2019-02-13","2.21"
"2019-02-14","2.16"
"2019-02-15","2.22"
"2019-02-16","2.25"
"2019-02-17","2.12"
"2019-02-18","2.18"
"2019-02-19","2.24"
"2019-02-20","2.22"
"2019-02-21","2.18"
"2019-02-22","2.12"
"2019-02-23","2.26"
"2019-02-24","2.24"
"2019-02-25","2.19"
"2019-02-26","2.16"
"2019-02-27","2.10"
"2019-02-28","2.14"
"2019-03-01","2.91"
"2019-03-02","2.78"
"2019-03-03","2.63"
"2019-03-04","2.20"
"2019-03-05","2.06"
"2019-03-06","2.21"
"2019-03-07","2.24"
"2019-03-08","2.17"
"2019-03-09","3.83"
"2019-03-10","5.25"
"2019-03-11","5.20"
"2019-03-12","5.05"
"2019-03-13","5.10"
"2019-03-14","5.16"
"2019-03-15","4.63"
"2019-03-16","4.20"
"2019-03-17","4.56"
"2019-03-18","3.36"
"2019-03-19","2.39"
"2019-03-20","2.35"
"2019-03-21","2.34"
"2019-03-22","2.26"
"2019-03-23","2.23"
"2019-03-24","2.26"
"2019-03-25","2.19"
"2019-03-26","2.27"
"2019-03-27","2.22"
"2019-03-28","2.24"
"2019-03-29","2.24"
"2019-03-30","2.25"
"2019-03-31","2.22"
"2019-04-01","2.26"
"2019-04-02","2.28"
"2019-04-03","2.52"
"2019-04-04","2.55"
"2019-04-05","2.32"
"2019-04-06","2.42"
"2019-04-07","2.47"
"2019-04-08","2.25"
"2019-04-09","2.36"
"2019-04-10","2.50"
"2019-04-11","2.68"
"2019-04-12","2.73"
"2019-04-13","2.66"
"2019-04-14","2.50"
"2019-04-15","2.42"
"2019-04-16","2.49"
"2019-04-17","2.38"
"2019-04-18","2.44"
"2019-04-19","2.40"
"2019-04-20","2.36"
"2019-04-21","2.33"
"2019-04-22","2.38"
"2019-04-23","3.02"
"2019-04-24","3.17"
"2019-04-25","2.87"
"2019-04-26","2.67"
"2019-04-27","2.48"
"2019-04-28","2.43"
"2019-04-29","2.37"
"2019-04-30","2.38"
"2019-05-01","2.36"
"2019-05-02","2.46"
"2019-05-03","2.54"
"2019-05-04","2.55"
"2019-05-05","2.63"
"2019-05-06","2.43"
"2019-05-07","2.44"
"2019-05-08","2.66"
"2019-05-09","2.51"
"2019-05-10","2.43"
"2019-05-11","2.52"
"2019-05-12","2.46"
"2019-05-13","2.48"
"2019-05-14","2.53"
"2019-05-15","2.55"
"2019-05-16","2.58"
"2019-05-17","2.81"
"2019-05-18","2.84"
"2019-05-19","2.83"
"2019-05-20","2.84"
"2019-05-21","2.73"
"2019-05-22","2.69"
"2019-05-23","2.83"
"2019-05-24","3.79"
"2019-05-25","4.16"
"2019-05-26","4.65"
"2019-05-27","4.36"
"2019-05-28","4.55"
"2019-05-29","4.13"
"2019-05-30","3.01"
"2019-05-31","3.08"
"2019-06-01","3.79"
"2019-06-02","4.28"
"2019-06-03","5.70"
"2019-06-04","5.94"
"2019-06-05","5.71"
"2019-06-06","5.50"
"2019-06-07","4.96"
"2019-06-08","4.44"
"2019-06-09","4.49"
"2019-06-10","4.17"
"2019-06-11","3.85"
"2019-06-12","2.83"
"2019-06-13","2.58"
"2019-06-14","2.39"
"2019-06-15","2.40"
"2019-06-16","2.29"
"2019-06-17","2.36"
"2019-06-18","2.42"
"2019-06-19","2.33"
"2019-06-20","2.39"
"2019-06-21","2.39"
"2019-06-22","2.45"
"2019-06-23","2.36"
"2019-06-24","2.38"
"2019-06-25","2.35"
"2019-06-26","2.43"
"2019-06-27","2.29"
"2019-06-28","2.25"
"2019-06-29","2.35"
"2019-06-30","2.39"
"2019-07-01","2.42"
"2019-07-02","2.41"
"2019-07-03","2.41"
"2019-07-04","2.30"
"2019-07-05","2.31"
"2019-07-06","2.39"
"2019-07-07","2.45"
"2019-07-08","2.48"
"2019-07-09","2.55"
"2019-07-10","2.49"
"2019-07-11","2.55"
"2019-07-12","2.37"
"2019-07-13","2.31"
"2019-07-14","2.45"
"2019-07-15","3.61"
"2019-07-16","2.49"
"2019-07-17","2.44"
"2019-07-18","2.48"
"2019-07-19","2.43"
"2019-07-20","2.43"
"2019-07-21","2.42"
"2019-07-22","2.44"
"2019-07-23","2.50"
"2019-07-24","2.48"
"2019-07-25","2.37"
"2019-07-26","2.45"
"2019-07-27","2.71"
"2019-07-28","2.62"
"2019-07-29","2.35"
"2019-07-30","2.34"
"2019-07-31","2.31"
"2019-08-01","2.41"
"2019-08-02","2.41"
"2019-08-03","2.30"
"2019-08-04","2.33"
"2019-08-05","2.35"
"2019-08-06","2.41"
"2019-08-07","2.50"
"2019-08-08","2.39"
"2019-08-09","2.49"
"2019-08-10","2.48"
"2019-08-11","2.49"
"2019-08-12","2.52"
"2019-08-13","2.36"
"2019-08-14","2.25"
"2019-08-15","2.36"
"2019-08-16","2.35"
"2019-08-17","2.40"
"2019-08-18","2.38"
"2019-08-19","2.50"
"2019-08-20","2.52"
"2019-08-21","2.47"
"2019-08-22","2.51"
"2019-08-23","2.34"
"2019-08-24","2.30"
"2019-08-25","2.32"
"2019-08-26","2.35"
"2019-08-27","2.44"
"2019-08-28","2.53"
"2019-08-29","2.35"
"2019-08-30","2.35"
"2019-08-31","2.42"
"2019-09-01","2.35"
"2019-09-02","2.30"
"2019-09-03","2.26"
"2019-09-04","2.27"
"2019-09-05","2.57"
"2019-09-06","2.65"
"2019-09-07","2.30"
"2019-09-08","2.46"
"2019-09-09","2.30"
"2019-09-10","2.54"
"2019-09-11","2.39"
"2019-09-12","2.27"
"2019-09-13","2.27"
"2019-09-14","2.30"
"2019-09-15","2.30"
"2019-09-16","2.38"
"2019-09-17","2.41"
"2019-09-18","2.42"
"2019-09-19","2.47"
"2019-09-20","2.38"
"2019-09-21","2.36"
"2019-09-22","2.47"
"2019-09-23","2.46"
"2019-09-24","2.33"
"2019-09-25","2.35"
"2019-09-26","2.31"
"2019-09-27","2.44"
"2019-09-28","2.30"
"2019-09-29","2.34"
"2019-09-30","2.42"
"2019-10-01","2.55"
"2019-10-02","2.49"
"2019-10-03","2.38"
"2019-10-04","2.48"
"2019-10-05","2.45"
"2019-10-06","2.50"
"2019-10-07","2.53"
"2019-10-08","2.50"
"2019-10-09","2.60"
"2019-10-10","2.54"
"2019-10-11","2.45"
"2019-10-12","2.42"
"2019-10-13","2.44"
"2019-10-14","2.45"
"2019-10-15","2.77"
"2019-10-16","2.53"
"2019-10-17","2.54"
"2019-10-18","2.59"
"2019-10-19","2.65"
"2019-10-20","2.73"
"2019-10-21","3.84"
"2019-10-22","2.66"
"2019-10-23","2.76"
"2019-10-24","19.35"
"2019-10-25","5.32"
"2019-10-26","2.73"
"2019-10-27","2.25"
"2019-10-28","2.23"
"2019-10-29","2.34"
"2019-10-30","2.28"
"2019-10-31","2.37"
"2019-11-01","2.25"
"2019-11-02","2.27"
"2019-11-03","3.43"
"2019-11-04","1.66"
"2019-11-05","0.81"
"2019-11-06","0.86"
"2019-11-07","0.95"
"2019-11-08","0.97"
"2019-11-09","0.89"
"2019-11-10","0.92"
"2019-11-11","0.89"
"2019-11-12","0.90"
"2019-11-13","0.85"
"2019-11-14","1.00"
"2019-11-15","1.66"
"2019-11-16","1.99"
"2019-11-17","2.04"
"2019-11-18","2.20"
"2019-11-19","2.54"
"2019-11-20","2.41"
"2019-11-21","3.23"
"2019-11-22","2.49"
"2019-11-23","3.60"
"2019-11-24","16.98"
"2019-11-25","15.30"
"2019-11-26","5.81"
"2019-11-27","3.58"
"2019-11-28","2.86"
"2019-11-29","2.36"
"2019-11-30","2.12"
"2019-12-01","2.39"
"2019-12-02","2.37"
"2019-12-03","1.96"
"2019-12-04","1.52"
"2019-12-05","1.42"
"2019-12-06","1.36"
"2019-12-07","1.35"
"2019-12-08","1.35"
"2019-12-09","1.30"
"2019-12-10","1.25"
"2019-12-11","1.28"
"2019-12-12","1.41"
"2019-12-13","1.40"
"2019-12-14","1.16"
"2019-12-15","1.21"
"2019-12-16","1.18"
"2019-12-17","1.19"
"2019-12-18","1.18"
"2019-12-19","1.31"
"2019-12-20","1.72"
"2019-12-21","2.00"
"2019-12-22","1.90"
"2019-12-23","1.76"
"2019-12-24","1.71"
"2019-12-25","1.85"
"2019-12-26","1.80"
"2019-12-27","1.52"
"2019-12-28","1.34"
"2019-12-29","1.35"
"2019-12-30","1.47"
"2019-12-31","1.47"
"2020-01-01","1.16"
"2020-01-02","1.08"
"2020-01-03","1.12"
"2020-01-04","1.10"
"2020-01-05","1.04"
"2020-01-06","1.09"
"2020-01-07","1.09"
"2020-01-08","1.00"
"2020-01-09","1.02"
"2020-01-10","1.04"
"2020-01-11","0.97"
"2020-01-12","1.00"
"2020-01-13","1.06"
"2020-01-14","0.99"
"2020-01-15","0.90"
"2020-01-16","0.86"
"2020-01-17","0.87"
"2020-01-18","0.91"
"2020-01-19","0.85"
"2020-01-20","0.85"
"2020-01-21","0.81"
"2020-01-22","0.79"
"2020-01-23","0.78"
"2020-01-24","0.89"
"2020-01-25","1.08"
"2020-01-26","1.11"
"2020-01-27","1.11"
"2020-01-28","1.16"
"2020-01-29","1.16"
"2020-01-30","1.10"
"2020-01-31","1.06"
"2020-02-01","1.16"
"2020-02-02","1.18"
"2020-02-03","1.11"
"2020-02-04","1.19"
"2020-02-05","1.26"
"2020-02-06","1.26"
"2020-02-07","1.27"
"2020-02-08","1.30"
"2020-02-09","1.40"
"2020-02-10","1.47"
"2020-02-11","1.46"
"2020-02-12","1.49"
"2020-02-13","1.59"
"2020-02-14","1.34"
"2020-02-15","0.94"
"2020-02-16","0.96"
"2020-02-17","1.01"
"2020-02-18","1.07"
"2020-02-19","1.06"
"2020-02-20","1.04"
"2020-02-21","1.03"
"2020-02-22","1.03"
"2020-02-23","1.11"
"2020-02-24","1.04"
"2020-02-25","1.09"
"2020-02-26","0.94"
"2020-02-27","0.88"
"2020-02-28","0.88"
"2020-02-29","0.91"
"2020-03-01","0.95"
"2020-03-02","1.10"
"2020-03-03","1.12"
"2020-03-04","1.18"
"2020-03-05","1.25"
"2020-03-06","1.21"
"2020-03-07","2.94"
"2020-03-08","3.56"
"2020-03-09","3.67"
"2020-03-10","2.95"
"2020-03-11","2.41"
"2020-03-12","2.48"
"2020-03-13","2.49"
"2020-03-14","2.49"
"2020-03-15","2.49"
"2020-03-16","2.41"
"2020-03-17","2.35"
"2020-03-18","2.35"
"2020-03-19","2.23"
"2020-03-20","2.19"
"2020-03-21","1.99"
"2020-03-22","2.19"
"2020-03-23","2.00"
"2020-03-24","1.75"
"2020-03-25","1.92"
"2020-03-26","1.93"
"2020-03-27","2.21"
"2020-03-28","2.02"
"2020-03-29","2.00"
"2020-03-30","2.14"
"2020-03-31","2.22"
"2020-04-01","2.08"
"2020-04-02","1.90"
"2020-04-03","1.89"
"2020-04-04","1.85"
"2020-04-05","1.88"
"2020-04-06","1.87"
"2020-04-07","1.92"
"2020-04-08","1.97"
"2020-04-09","1.89"
"2020-04-10","1.86"
"2020-04-11","1.87"
"2020-04-12","1.90"
"2020-04-13","1.87"
"2020-04-14","1.82"
"2020-04-15","1.81"
"2020-04-16","1.73"
"2020-04-17","1.77"
"2020-04-18","1.81"
"2020-04-19","1.94"
"2020-04-20","2.50"
"2020-04-21","7.54"
"2020-04-22","4.46"
"2020-04-23","2.79"
"2020-04-24","1.97"
"2020-04-25","1.90"
"2020-04-26","1.98"
"2020-04-27","1.93"
"2020-04-28","1.90"
"2020-04-29","1.72"
"2020-04-30","1.70"
"2020-05-01","1.73"
"2020-05-02","1.71"
"2020-05-03","1.63"
"2020-05-04","1.63"
"2020-05-05","1.75"
"2020-05-06","2.87"
"2020-05-07","3.26"
"2020-05-08","2.62"
"2020-05-09","2.81"
"2020-05-10","4.40"
"2020-05-11","17.10"
"2020-05-12","9.74"
"2020-05-13","9.90"
"2020-05-14","8.63"
"2020-05-15","12.65"
"2020-05-16","12.02"
"2020-05-17","36.96"
"2020-05-18","25.07"
"2020-05-19","23.35"
"2020-05-20","19.06"
"2020-05-21","16.29"
"2020-05-22","14.16"
"2020-05-23","13.03"
"2020-05-24","14.16"
"2020-05-25","10.34"
"2020-05-26","8.93"
"2020-05-27","8.94"
"2020-05-28","8.36"
"2020-05-29","7.91"
"2020-05-30","6.81"
"2020-05-31","6.25"
"2020-06-01","5.44"
"2020-06-02","4.52"
"2020-06-03","3.26"
"2020-06-04","2.12"
"2020-06-05","1.61"
"2020-06-06","1.48"
"2020-06-07","1.44"
"2020-06-08","1.53"
"2020-06-09","1.64"
"2020-06-10","1.53"
"2020-06-11","2.24"
"2020-06-12","3.29"
"2020-06-13","2.36"
"2020-06-14","1.99"
"2020-06-15","1.84"
"2020-06-16","1.96"
"2020-06-17","1.94"
"2020-06-18","1.74"
"2020-06-19","1.81"
"2020-06-20","1.75"
"2020-06-21","1.64"
"2020-06-22","1.64"
"2020-06-23","1.65"
"2020-06-24","1.75"
"2020-06-25","1.77"
"2020-06-26","1.74"
"2020-06-27","1.99"
"2020-06-28","1.85"
"2020-06-29","1.83"
"2020-06-30","1.87"
"2020-07-01","1.95"
"2020-07-02","1.94"
"2020-07-03","2.00"
"2020-07-04","1.74"
"2020-07-05","1.52"
"2020-07-06","1.54"
"2020-07-07","1.42"
"2020-07-08","1.48"
"2020-07-09","1.58"
"2020-07-10","1.61"
"2020-07-11","1.61"
"2020-07-12","1.62"
"2020-07-13","1.71"
"2020-07-14","1.78"
"2020-07-15","1.74"
"2020-07-16","1.56"
"2020-07-17","1.64"
"2020-07-18","1.79"
"2020-07-19","1.69"
"2020-07-20","1.71"
"2020-07-21","1.72"
"2020-07-22","1.76"
"2020-07-23","1.75"
"2020-07-24","1.80"
"2020-07-25","1.60"
"2020-07-26","1.67"
"2020-07-27","1.73"
"2020-07-28","1.81"
"2020-07-29","1.53"
"2020-07-30","1.43"
"2020-07-31","1.40"
"2020-08-01","1.38"
"2020-08-02","1.43"
"2020-08-03","1.63"
"2020-08-04","1.44"
"2020-08-05","1.41"
"2020-08-06","1.46"
"2020-08-07","1.44"
"2020-08-08","1.42"
"2020-08-09","1.49"
"2020-08-10","1.69"
"2020-08-11","1.61"
"2020-08-12","1.75"
"2020-08-13","1.73"
"2020-08-14","1.62"
"2020-08-15","1.63"
"2020-08-16","1.71"
"2020-08-17","1.68"
"2020-08-18","1.59"
"2020-08-19","1.61"
"2020-08-20","1.55"
"2020-08-21","1.55"
"2020-08-22","1.50"
"2020-08-23","1.49"
"2020-08-24","1.61"
"2020-08-25","1.95"
"2020-08-26","2.15"
"2020-08-27","2.05"
"2020-08-28","2.15"
"2020-08-29","2.25"
"2020-08-30","2.08"
"2020-08-31","2.10"
"2020-09-01","2.08"
"2020-09-02","2.14"
"2020-09-03","2.07"
"2020-09-04","2.03"
"2020-09-05","2.02"
"2020-09-06","2.06"
"2020-09-07","2.08"
"2020-09-08","2.04"
"2020-09-09","2.14"
"2020-09-10","2.13"
"2020-09-11","2.66"
"2020-09-12","2.12"
"2020-09-13","2.10"
"2020-09-14","2.10"
"2020-09-15","2.06"
"2020-09-16","2.01"
"2020-09-17","2.02"
"2020-09-18","2.09"
"2020-09-19","2.17"
"2020-09-20","2.37"
"2020-09-21","2.38"
"2020-09-22","2.59"
"2020-09-23","2.45"
"2020-09-24","2.41"
"2020-09-25","2.36"
"2020-09-26","2.24"
"2020-09-27","2.17"
"2020-09-28","2.17"
"2020-09-29","2.20"
"2020-09-30","2.20"
"2020-10-01","2.21"
"2020-10-02","2.86"
"2020-10-03","2.96"
"2020-10-04","2.19"
"2020-10-05","2.20"
"2020-10-06","2.21"
"2020-10-07","2.20"
"2020-10-08","2.15"
"2020-10-09","2.23"
"2020-10-10","2.22"
"2020-10-11","2.35"
"2020-10-12","2.18"
"2020-10-13","2.17"
"2020-10-14","2.25"
"2020-10-15","2.41"
"2020-10-16","2.34"
"2020-10-17","2.24"
"2020-10-18","2.23"
"2020-10-19","2.22"
"2020-10-20","2.27"
"2020-10-21","2.28"
"2020-10-22","2.26"
"2020-10-23","2.32"
"2020-10-24","2.26"
"2020-10-25","1.69"
"2020-10-26","1.19"
"2020-10-27","1.84"
"2020-10-28","1.58"
"2020-10-29","1.46"
"2020-10-30","1.52"
"2020-10-31","1.02"
"2020-11-01","1.08"
"2020-11-02","1.07"
"2020-11-03","1.11"
"2020-11-04","1.14"
"2020-11-05","1.06"
"2020-11-06","1.04"
"2020-11-07","0.99"
"2020-11-08","1.07"
"2020-11-09","1.03"
"2020-11-10","1.07"
"2020-11-11","1.02"
"2020-11-12","1.14"
"2020-11-13","1.21"
"2020-11-14","1.17"
"2020-11-15","1.13"
"2020-11-16","1.13"
"2020-11-17","0.99"
"2020-11-18","1.03"
"2020-11-19","1.00"
"2020-11-20","0.96"
"2020-11-21","0.94"
"2020-11-22","0.97"
"2020-11-23","1.02"
"2020-11-24","0.95"
"2020-11-25","1.01"
"2020-11-26","1.07"
"2020-11-27","1.07"
"2020-11-28","1.10"
"2020-11-29","1.06"
"2020-11-30","1.11"
"2020-12-01","1.15"
"2020-12-02","1.32"
"2020-12-03","1.41"
"2020-12-04","1.62"
"2020-12-05","1.69"
"2020-12-06","1.73"
"2020-12-07","1.80"
"2020-12-08","1.86"
"2020-12-09","1.99"
"2020-12-10","2.18"
"2020-12-11","1.86"
"2020-12-12","1.00"
"2020-12-13","1.06"
"2020-12-14","1.09"
"2020-12-15","1.19"
"2020-12-16","1.43"
"2020-12-17","1.48"
"2020-12-18","1.47"
"2020-12-19","1.48"
"2020-12-20","1.58"
"2020-12-21","1.59"
"2020-12-22","1.56"
"2020-12-23","1.63"
"2020-12-24","1.64"
"2020-12-25","1.72"
"2020-12-26","1.74"
"2020-12-27","1.62"
"2020-12-28","1.67"
"2020-12-29","1.69"
"2020-12-30","1.64"
"2020-12-31","1.63"
"2021-01-01","1.70"
"2021-01-02","1.81"
"2021-01-03","1.80"
"2021-01-04","1.87"
"2021-01-05","1.91"
"2021-01-06","1.83"
"2021-01-07","1.56"
"2021-01-08","1.08"
"2021-01-09","1.08"
"2021-01-10","1.09"
"2021-01-11","1.08"
"2021-01-12","1.07"
"2021-01-13","1.04"
"2021-01-14","1.07"
"2021-01-15","1.16"
"2021-01-16","1.09"
"2021-01-17","1.02"
"2021-01-18","1.03"
"2021-01-19","1.19"
"2021-01-20","1.15"
"2021-01-21","1.11"
"2021-01-22","1.25"
"2021-01-23","1.17"
"2021-01-24","1.15"
"2021-01-25","1.19"
"2021-01-26","1.15"
"2021-01-27","1.19"
"2021-01-28","1.27"
"2021-01-29","1.38"
"2021-01-30","1.36"
"2021-01-31","1.36"
"2021-02-01","1.42"
"2021-02-02","1.42"
"2021-02-03","1.44"
"2021-02-04","1.50"
"2021-02-05","1.49"
"2021-02-06","1.51"
"2021-02-07","1.76"
"2021-02-08","1.58"
"2021-02-09","1.61"
"2021-02-10","1.67"
"2021-02-11","1.52"
"2021-02-12","1.72"
"2021-02-13","1.60"
"2021-02-14","1.43"
"2021-02-15","1.36"
"2021-02-16","1.50"
"2021-02-17","1.51"
"2021-02-18","1.51"
"2021-02-19","1.56"
"2021-02-20","1.49"
"2021-02-21","1.50"
"2021-02-22","1.56"
"2021-02-23","1.49"
"2021-02-24","1.50"
"2021-02-25","1.48"
"2021-02-26","1.50"
"2021-02-27","1.58"
"2021-02-28","1.53"
"2021-03-01","1.47"
"2021-03-02","1.48"
"2021-03-03","1.55"
"2021-03-04","1.58"
"2021-03-05","1.57"
"2021-03-06","1.69"
"2021-03-07","1.70"
"2021-03-08","1.50"
"2021-03-09","1.57"
"2021-03-10","1.51"
"2021-03-11","1.62"
"2021-03-12","1.62"
"2021-03-13","3.32"
"2021-03-14","3.81"
"2021-03-15","2.89"
"2021-03-16","2.02"
"2021-03-17","2.05"
"2021-03-18","2.10"
"2021-03-19","2.13"
"2021-03-20","1.99"
"2021-03-21","2.08"
"2021-03-22","2.00"
"2021-03-23","1.80"
"2021-03-24","1.60"
"2021-03-25","1.59"
"2021-03-26","1.91"
"2021-03-27","2.29"
"2021-03-28","2.29"
"2021-03-29","2.16"
"2021-03-30","2.15"
"2021-03-31","2.18"
"2021-04-01","2.29"
"2021-04-02","2.20"
"2021-04-03","2.24"
"2021-04-04","2.24"
"2021-04-05","2.23"
"2021-04-06","2.24"
"2021-04-07","2.15"
"2021-04-08","2.11"
"2021-04-09","2.19"
"2021-04-10","2.34"
"2021-04-11","2.48"
"2021-04-12","1.96"
"2021-04-13","1.01"
"2021-04-14","1.24"
"2021-04-15","1.48"
"2021-04-16","2.22"
"2021-04-17","2.42"
"2021-04-18","2.39"
"2021-04-19","2.33"
"2021-04-20","2.38"
"2021-04-21","2.48"
"2021-04-22","2.34"
"2021-04-23","2.29"
"2021-04-24","2.27"
"2021-04-25","2.36"
"2021-04-26","2.51"
"2021-04-27","2.58"
"2021-04-28","2.57"
"2021-04-29","2.59"
"2021-04-30","2.59"
"2021-05-01","2.70"
"2021-05-02","2.48"
"2021-05-03","2.38"
"2021-05-04","2.48"
"2021-05-05","2.46"
"2021-05-06","2.44"
"2021-05-07","2.46"
"2021-05-08","2.49"
"2021-05-09","2.56"
"2021-05-10","9.40"
"2021-05-11","18.48"
"2021-05-12","10.09"
"2021-05-13","6.20"
"2021-05-14","4.93"
"2021-05-15","3.69"
"2021-05-16","2.94"
"2021-05-17","2.38"
"2021-05-18","2.29"
"2021-05-19","2.23"
"2021-05-20","2.16"
"2021-05-21","2.18"
"2021-05-22","2.33"
"2021-05-23","2.22"
"2021-05-24","2.36"
"2021-05-25","2.12"
"2021-05-26","2.12"
"2021-05-27","2.09"
"2021-05-28","2.18"
"2021-05-29","2.27"
"2021-05-30","2.33"
"2021-05-31","2.23"
"2021-06-01","2.19"
"2021-06-02","2.24"
"2021-06-03","2.19"
"2021-06-04","2.21"
"2021-06-05","2.16"
"2021-06-06","2.16"
"2021-06-07","2.25"
"2021-06-08","2.52"
"2021-06-09","2.38"
"2021-06-10","2.11"
"2021-06-11","2.20"
"2021-06-12","2.14"
"2021-06-13","2.07"
"2021-06-14","1.42"
"2021-06-15","1.02"
"2021-06-16","1.40"
"2021-06-17","1.66"
"2021-06-18","1.49"
"2021-06-19","1.42"
"2021-06-20","1.49"
"2021-06-21","1.43"
"2021-06-22","1.39"
"2021-06-23","1.32"
"2021-06-24","1.38"
"2021-06-25","1.30"
"2021-06-26","1.36"
"2021-06-27","1.46"
"2021-06-28","1.43"
"2021-06-29","1.35"
"2021-06-30","1.30"
"2021-07-01","1.32"
"2021-07-02","1.51"
"2021-07-03","1.61"
"2021-07-04","1.69"
"2021-07-05","1.62"
"2021-07-06","1.64"
"2021-07-07","1.76"
"2021-07-08","1.75"
"2021-07-09","1.55"
"2021-07-10","1.53"
"2021-07-11","1.53"
"2021-07-12","1.58"
"2021-07-13","1.77"
"2021-07-14","1.71"
"2021-07-15","1.70"
"2021-07-16","1.74"
"2021-07-17","1.48"
"2021-07-18","1.43"
"2021-07-19","1.54"
"2021-07-20","1.46"
"2021-07-21","1.48"
"2021-07-22","1.42"
"2021-07-23","1.47"
"2021-07-24","1.44"
"2021-07-25","1.44"
"2021-07-26","1.51"
"2021-07-27","1.51"
"2021-07-28","1.43"
"2021-07-29","1.42"
"2021-07-30","1.62"
"2021-07-31","1.59"
"2021-08-01","1.56"
"2021-08-02","1.50"
"2021-08-03","1.46"
"2021-08-04","1.45"
"2021-08-05","1.27"
"2021-08-06","1.29"
"2021-08-07","1.38"
"2021-08-08","1.35"
"2021-08-09","1.36"
"2021-08-10","1.29"
"2021-08-11","1.19"
"2021-08-12","1.36"
"2021-08-13","1.19"
"2021-08-14","1.20"
"2021-08-15","1.18"
"2021-08-16","1.15"
"2021-08-17","1.13"
"2021-08-18","1.16"
"2021-08-19","1.17"
"2021-08-20","1.15"
"2021-08-21","1.18"
"2021-08-22","1.19"
"2021-08-23","1.15"
"2021-08-24","1.22"
"2021-08-25","1.19"
"2021-08-26","1.12"
"2021-08-27","1.11"
"2021-08-28","1.07"
"2021-08-29","1.06"
"2021-08-30","1.05"
"2021-08-31","1.07"
"2021-09-01","1.04"
"2021-09-02","1.05"
"2021-09-03","1.04"
"2021-09-04","1.05"
"2021-09-05","1.04"
"2021-09-06","1.04"
"2021-09-07","0.99"
"2021-09-08","1.01"
"2021-09-09","1.28"
"2021-09-10","1.47"
"2021-09-11","1.45"
"2021-09-12","1.42"
"2021-09-13","1.42"
"2021-09-14","1.43"
"2021-09-15","1.49"
"2021-09-16","1.69"
"2021-09-17","1.65"
"2021-09-18","1.65"
"2021-09-19","1.64"
"2021-09-20","1.60"
"2021-09-21","1.60"
"2021-09-22","1.63"
"2021-09-23","1.65"
"2021-09-24","1.66"
"2021-09-25","1.76"
"2021-09-26","1.98"
"2021-09-27","1.81"
"2021-09-28","1.83"
"2021-09-29","1.86"
"2021-09-30","1.76"
"2021-10-01","1.83"
"2021-10-02","1.92"
"2021-10-03","1.97"
"2021-10-04","2.08"
"2021-10-05","2.03"
"2021-10-06","1.72"
"2021-10-07","1.58"
"2021-10-08","1.56"
"2021-10-09","1.63"
"2021-10-10","1.71"
"2021-10-11","1.63"
"2021-10-12","1.82"
"2021-10-13","1.89"
"2021-10-14","1.58"
"2021-10-15","1.56"
"2021-10-16","1.50"
"2021-10-17","1.58"
"2021-10-18","1.90"
"2021-10-19","2.16"
"2021-10-20","2.10"
"2021-10-21","2.10"
"2021-10-22","2.03"
"2021-10-23","2.06"
"2021-10-24","2.06"
"2021-10-25","2.03"
"2021-10-26","2.04"
"2021-10-27","2.02"
"2021-10-28","1.97"
"2021-10-29","2.02"
"2021-10-30","2.11"
"2021-10-31","2.12"
"2021-11-01","2.20"
"2021-11-02","1.94"
"2021-11-03","2.08"
"2021-11-04","2.01"
"2021-11-05","2.04"
"2021-11-06","1.93"
"2021-11-07","1.95"
"2021-11-08","2.00"
"2021-11-09","2.08"
"2021-11-10","2.26"
"2021-11-11","2.29"
"2021-11-12","2.11"
"2021-11-13","2.10"
"2021-11-14","2.33"
"2021-11-15","3.63"
"2021-11-16","3.05"
"2021-11-17","2.69"
"2021-11-18","2.46"
"2021-11-19","2.40"
"2021-11-20","2.35"
"2021-11-21","2.40"
"2021-11-22","2.45"
"2021-11-23","2.54"
"2021-11-24","2.34"
"2021-11-25","2.51"
"2021-11-26","2.43"
"2021-11-27","2.36"
"2021-11-28","2.31"
"2021-11-29","2.31"
"2021-11-30","2.31"
"2021-12-01","2.37"
"2021-12-02","2.31"
"2021-12-03","2.29"
"2021-12-04","2.34"
"2021-12-05","2.32"
"2021-12-06","2.29"
"2021-12-07","2.29"
"2021-12-08","2.27"
"2021-12-09","2.28"
"2021-12-10","2.29"
"2021-12-11","2.29"
"2021-12-12","2.27"
"2021-12-13","2.29"
"2021-12-14","2.34"
"2021-12-15","2.37"
"2021-12-16","2.43"
"2021-12-17","2.31"
"2021-12-18","2.37"
"2021-12-19","2.33"
"2021-12-20","2.25"
"2021-12-21","2.37"
"2021-12-22","2.38"
"2021-12-23","2.31"
"2021-12-24","2.33"
"2021-12-25","2.35"
"2021-12-26","2.37"
"2021-12-27","2.36"
"2021-12-28","2.32"
"2021-12-29","2.24"
"2021-12-30","2.27"
"2021-12-31","2.32"
"2022-01-01","2.26"
"2022-01-02","2.36"
"2022-01-03","2.41"
"2022-01-04","2.43"
"2022-01-05","2.40"
"2022-01-06","2.41"
"2022-01-07","2.34"
"2022-01-08","2.33"
"2022-01-09","2.31"
"2022-01-10","2.25"
"2022-01-11","2.14"
"2022-01-12","2.17"
"2022-01-13","2.10"
"2022-01-14","1.99"
"2022-01-15","2.07"
"2022-01-16","2.15"
"2022-01-17","2.13"
"2022-01-18","2.12"
"2022-01-19","2.21"
"2022-01-20","2.16"
"2022-01-21","2.16"
"2022-01-22","2.10"
"2022-01-23","2.19"
"2022-01-24","2.21"
"2022-01-25","2.23"
"2022-01-26","2.08"
"2022-01-27","2.06"
"2022-01-28","2.05"
"2022-01-29","2.02"
"2022-01-30","1.94"
"2022-01-31","2.03"
"2022-02-01","2.01"
"2022-02-02","1.97"
"2022-02-03","2.06"
"2022-02-04","2.09"
"2022-02-05","2.03"
"2022-02-06","2.07"
"2022-02-07","1.97"
"2022-02-08","1.96"
"2022-02-09","1.96"
"2022-02-10","2.03"
"2022-02-11","2.08"
"2022-02-12","2.09"
"2022-02-13","2.06"
"2022-02-14","2.06"
"2022-02-15","1.99"
"2022-02-16","2.02"
"2022-02-17","1.99"
"2022-02-18","2.04"
"2022-02-19","2.21"
"2022-02-20","2.08"
"2022-02-21","2.06"
"2022-02-22","1.99"
"2022-02-23","1.91"
"2022-02-24","1.98"
"2022-02-25","1.97"
"2022-02-26","1.93"
"2022-02-27","1.99"
"2022-02-28","1.95"
"2022-03-01","2.03"
"2022-03-02","2.03"
"2022-03-03","1.97"
"2022-03-04","2.07"
"2022-03-05","2.12"
"2022-03-06","2.02"
"2022-03-07","1.99"
"2022-03-08","2.05"
"2022-03-09","1.97"
"2022-03-10","2.01"
"2022-03-11","2.15"
"2022-03-12","2.14"
"2022-03-13","2.11"
"2022-03-14","2.13"
"2022-03-15","2.17"
"2022-03-16","2.11"
"2022-03-17","2.23"
"2022-03-18","2.23"
"2022-03-19","2.13"
"2022-03-20","2.00"
"2022-03-21","2.05"
"2022-03-22","2.02"
"2022-03-23","1.96"
"2022-03-24","1.97"
"2022-03-25","1.96"
"2022-03-26","2.04"
"2022-03-27","2.04"
"2022-03-28","1.92"
"2022-03-29","2.06"
"2022-03-30","2.22"
"2022-03-31","2.18"
"2022-04-01","2.32"
"2022-04-02","2.36"
"2022-04-03","2.28"
"2022-04-04","2.17"
"2022-04-05","2.14"
"2022-04-06","2.23"
"2022-04-07","2.16"
"2022-04-08","2.26"
"2022-04-09","2.12"
"2022-04-10","2.09"
"2022-04-11","2.20"
"2022-04-12","2.18"
"2022-04-13","2.18"
"2022-04-14","2.12"
"2022-04-15","2.09"
"2022-04-16","2.15"
"2022-04-17","2.08"
"2022-04-18","2.05"
"2022-04-19","2.18"
"2022-04-20","2.43"
"2022-04-21","2.43"
"2022-04-22","2.28"
"2022-04-23","2.46"
"2022-04-24","2.40"
"2022-04-25","2.29"
"2022-04-26","2.24"
"2022-04-27","2.31"
"2022-04-28","2.09"
"2022-04-29","2.21"
"2022-04-30","2.27"
"2022-05-01","2.25"
"2022-05-02","2.27"
"2022-05-03","2.31"
"2022-05-04","2.38"
"2022-05-05","2.57"
"2022-05-06","3.02"
"2022-05-07","2.76"
"2022-05-08","2.97"
"2022-05-09","2.64"
"2022-05-10","2.52"
"2022-05-11","2.41"
"2022-05-12","2.32"
"2022-05-13","2.29"
"2022-05-14","2.32"
"2022-05-15","2.38"
"2022-05-16","2.23"
"2022-05-17","2.15"
"2022-05-18","2.18"
"2022-05-19","2.30"
"2022-05-20","2.18"
"2022-05-21","2.23"
"2022-05-22","2.13"
"2022-05-23","2.22"
"2022-05-24","2.15"
"2022-05-25","2.31"
"2022-05-26","2.22"
"2022-05-27","2.09"
"2022-05-28","2.08"
"2022-05-29","2.29"
"2022-05-30","2.20"
"2022-05-31","2.13"
"2022-06-01","2.17"
"2022-06-02","2.12"
"2022-06-03","2.29"
"2022-06-04","2.17"
"2022-06-05","2.09"
"2022-06-06","2.09"
"2022-06-07","2.11"
"2022-06-08","2.14"
"2022-06-09","2.02"
"2022-06-10","1.97"
"2022-06-11","1.95"
"2022-06-12","2.05"
"2022-06-13","2.08"
"2022-06-14","2.07"
"2022-06-15","2.05"
"2022-06-16","1.99"
"2022-06-17","2.12"
"2022-06-18","2.17"
"2022-06-19","2.14"
"2022-06-20","2.16"
"2022-06-21","2.26"
"2022-06-22","2.27"
"2022-06-23","2.25"
"2022-06-24","2.21"
"2022-06-25","2.13"
"2022-06-26","2.20"
"2022-06-27","2.26"
"2022-06-28","2.43"
"2022-06-29","2.23"
"2022-06-30","2.25"
"2022-07-01","2.17"
"2022-07-02","2.18"
"2022-07-03","2.17"
"2022-07-04","2.35"
"2022-07-05","2.20"
"2022-07-06","2.27"
"2022-07-07","2.28"
"2022-07-08","2.14"
"2022-07-09","2.21"
"2022-07-10","2.28"
"2022-07-11","2.36"
"2022-07-12","2.34"
"2022-07-13","2.38"
"2022-07-14","2.47"
"2022-07-15","2.38"
"2022-07-16","2.38"
"2022-07-17","2.32"
"2022-07-18","2.42"
"2022-07-19","2.38"
"2022-07-20","2.30"
"2022-07-21","2.30"
"2022-07-22","2.35"
"2022-07-23","2.38"
"2022-07-24","2.40"
"2022-07-25","2.43"
"2022-07-26","2.28"
"2022-07-27","2.30"
"2022-07-28","2.33"
"2022-07-29","2.44"
"2022-07-30","2.28"
"2022-07-31","2.21"
"2022-08-01","2.19"
"2022-08-02","2.25"
"2022-08-03","2.21"
"2022-08-04","2.31"
"2022-08-05","2.39"
"2022-08-06","2.32"
"2022-08-07","2.40"
"2022-08-08","2.24"
"2022-08-09","2.19"
"2022-08-10","2.29"
"2022-08-11","2.38"
"2022-08-12","2.29"
"2022-08-13","2.15"
"2022-08-14","2.32"
"2022-08-15","2.27"
"2022-08-16","2.27"
"2022-08-17","2.39"
"2022-08-18","2.63"
"2022-08-19","2.41"
"2022-08-20","1.73"
"2022-08-21","1.36"
"2022-08-22","1.45"
"2022-08-23","1.46"
"2022-08-24","1.39"
"2022-08-25","1.17"
"2022-08-26","1.51"
"2022-08-27","1.60"
"2022-08-28","1.39"
"2022-08-29","1.32"
"2022-08-30","1.41"
"2022-08-31","1.45"
"2022-09-01","1.30"
"2022-09-02","1.41"
"2022-09-03","1.55"
"2022-09-04","1.65"
"2022-09-05","1.67"
"2022-09-06","1.45"
"2022-09-07","1.26"
"2022-09-08","1.28"
"2022-09-09","1.29"
"2022-09-10","1.31"
"2022-09-11","1.35"
"2022-09-12","1.94"
"2022-09-13","2.29"
"2022-09-14","2.14"
"2022-09-15","1.80"
"2022-09-16","1.83"
"2022-09-17","1.74"
"2022-09-18","1.76"
"2022-09-19","1.82"
"2022-09-20","1.75"
"2022-09-21","1.91"
"2022-09-22","1.89"
"2022-09-23","1.64"
"2022-09-24","1.38"
"2022-09-25","1.48"
"2022-09-26","1.52"
"2022-09-27","1.47"
"2022-09-28","1.49"
"2022-09-29","1.58"
"2022-09-30","1.78"
"2022-10-01","1.43"
"2022-10-02","1.32"
"2022-10-03","1.21"
"2022-10-04","1.08"
"2022-10-05","1.07"
"2022-10-06","1.14"
"2022-10-07","1.22"
"2022-10-08","1.24"
"2022-10-09","1.48"
"2022-10-10","1.41"
"2022-10-11","1.23"
"2022-10-12","1.15"
"2022-10-13","1.13"
"2022-10-14","1.27"
"2022-10-15","1.30"
"2022-10-16","1.39"
"2022-10-17","1.37"
"2022-10-18","1.40"
"2022-10-19","1.39"
"2022-10-20","1.36"
"2022-10-21","1.43"
"2022-10-22","1.38"
"2022-10-23","1.42"
"2022-10-24","1.44"
"2022-10-25","1.42"
"2022-10-26","1.34"
"2022-10-27","1.29"
"2022-10-28","1.27"
"2022-10-29","1.17"
"2022-10-30","1.18"
"2022-10-31","1.20"
"2022-11-01","1.41"
"2022-11-02","1.41"
"2022-11-03","1.35"
"2022-11-04","1.35"
"2022-11-05","1.25"
"2022-11-06","1.21"
"2022-11-07","1.25"
"2022-11-08","1.39"
"2022-11-09","1.40"
"2022-11-10","1.31"
"2022-11-11","1.29"
"2022-11-12","1.23"
"2022-11-13","1.32"
"2022-11-14","1.42"
"2022-11-15","1.43"
"2022-11-16","1.43"
"2022-11-17","1.46"
"2022-11-18","1.42"
"2022-11-19","1.42"
"2022-11-20","1.37"
"2022-11-21","1.43"
"2022-11-22","1.52"
"2022-11-23","1.47"
"2022-11-24","1.39"
"2022-11-25","1.44"
"2022-11-26","1.42"
"2022-11-27","1.39"
"2022-11-28","1.47"
"2022-11-29","1.52"
"2022-11-30","1.55"
"2022-12-01","1.57"
"2022-12-02","1.60"
"2022-12-03","1.61"
"2022-12-04","1.47"
"2022-12-05","1.46"
"2022-12-06","1.47"
"2022-12-07","1.56"
"2022-12-08","1.64"
"2022-12-09","1.66"
"2022-12-10","1.64"
"2022-12-11","1.45"
"2022-12-12","1.42"
"2022-12-13","1.45"
"2022-12-14","1.57"
"2022-12-15","1.55"
"2022-12-16","1.51"
"2022-12-17","1.51"
"2022-12-18","1.50"
"2022-12-19","1.53"
"2022-12-20","1.57"
"2022-12-21","1.58"
"2022-12-22","1.53"
"2022-12-23","1.54"
"2022-12-24","1.57"
"2022-12-25","1.55"
"2022-12-26","1.58"
"2022-12-27","1.56"
"2022-12-28","1.53"
"2022-12-29","1.57"
"2022-12-30","1.58"
"2022-12-31","1.55"